game_id,date_start,type,table,num,scoring_version,judge,winner_code,first_killed,best_player,our_player_count,our_players,table_players,source_url,error
489033,2026-01-03 17:30:00,match,1,1,3.0,Juls,0,54555,Велосипедостроитель,1,Лиса,Доктор_Ливси; Евска; moonlight from spb; Велосипедостроитель; Urusta; MadCat; Ave; Сложный; Krista; Лисa,https://polemicagame.com/match/489033,
489034,2026-01-03 18:30:00,match,1,2,3.0,Juls,0,86129,Сложный,1,Лиса,Сложный; Велосипедостроитель; moonlight from spb; Лисa; Urusta; MadCat; Евска; Доктор_Ливси; Krista; Ave,https://polemicagame.com/match/489034,
489035,2026-01-03 19:30:00,match,1,3,3.0,Juls,1,15003,Urusta,1,Лиса,Urusta; Доктор_Ливси; Krista; Сложный; MadCat; Ave; Лисa; Велосипедостроитель; Евска; moonlight from spb,https://polemicagame.com/match/489035,
489036,2026-01-03 20:30:00,match,1,4,3.0,Juls,1,8368,MadCat,1,Лиса,MadCat; Евска; Urusta; moonlight from spb; Велосипедостроитель; Ave; Лисa; Сложный; Krista; Доктор_Ливси,https://polemicagame.com/match/489036,
489037,2026-01-03 21:30:00,match,1,5,3.0,Juls,1,68210,Евска,1,Лиса,Лисa; MadCat; Ave; Krista; Доктор_Ливси; Urusta; Евска; moonlight from spb; Сложный; Велосипедостроитель,https://polemicagame.com/match/489037,
489312,2026-01-03 22:58:00,match,1,6,3.0,Juls,0,63901,Krista,1,Белладонна,Urusta; Сложный; Белладонна; Krista; Доктор_Ливси; Ave; Евска; moonlight from spb; Велосипедостроитель; MadCat,https://polemicagame.com/match/489312,
490209,2026-01-06 13:00:00,match,1,5,3.0,azalea,0,5605,Antimuge,3,Ластхиро; avomarika; Белладонна,Ллирик; Фростик; Белладонна; Doc.; Флаффи; Сложный; Ластхиро; Antimuge; MikoChu; avomarika,https://polemicagame.com/match/490209,
490210,2026-01-06 14:00:00,match,1,6,3.0,azalea,1,343,Ллирик,3,Ластхиро; avomarika; Белладонна,Белладонна; Ластхиро; Doc.; avomarika; Ллирик; Фростик; Antimuge; Флаффи; MikoChu; Сложный,https://polemicagame.com/match/490210,
490299,2026-01-06 14:00:00,match,1,1,3.0,Juls,1,74136,Размен,2,avomarika; Вега,moonlight from spb; avomarika; For_eLL_; Antimuge; Орочимару; Вега; Размен; г-н Sema; BELLEVIL; Cheshir,https://polemicagame.com/match/490299,
490211,2026-01-06 15:00:00,match,1,7,3.0,azalea,1,84683,Фростик,3,Ластхиро; avomarika; Белладонна,Фростик; Ластхиро; Белладонна; Флаффи; MikoChu; Doc.; Ллирик; avomarika; Antimuge; Сложный,https://polemicagame.com/match/490211,
490300,2026-01-06 15:00:00,match,1,2,3.0,Juls,0,4807,moonlight from spb,2,avomarika; Вега,Cheshir; Орочимару; avomarika; Вега; BELLEVIL; For_eLL_; Antimuge; Размен; moonlight from spb; г-н Sema,https://polemicagame.com/match/490300,
490212,2026-01-06 16:00:00,match,1,8,3.0,azalea,0,60797,Флаффи,3,Ластхиро; avomarika; Белладонна,Ластхиро; Флаффи; Doc.; Ллирик; MikoChu; Antimuge; Фростик; avomarika; Сложный; Белладонна,https://polemicagame.com/match/490212,
490301,2026-01-06 16:00:00,match,1,3,3.0,Juls,0,5605,Antimuge,2,avomarika; Вега,avomarika; Antimuge; Cheshir; Орочимару; For_eLL_; BELLEVIL; moonlight from spb; г-н Sema; Вега; Размен,https://polemicagame.com/match/490301,
490302,2026-01-06 17:00:00,match,1,4,3.0,Juls,1,60805,moonlight from spb,2,avomarika; Вега,BELLEVIL; Cheshir; moonlight from spb; Размен; For_eLL_; г-н Sema; Antimuge; Орочимару; Вега; avomarika,https://polemicagame.com/match/490302,
490303,2026-01-06 18:00:00,match,1,5,3.0,Juls,1,71483,Antimuge,2,avomarika; Вега,г-н Sema; BELLEVIL; Cheshir; Вега; avomarika; moonlight from spb; Размен; Орочимару; Antimuge; For_eLL_,https://polemicagame.com/match/490303,
490304,2026-01-06 19:00:00,match,1,6,3.0,Juls,0,55175,Размен,2,avomarika; Вега,For_eLL_; Antimuge; Орочимару; Размен; avomarika; Вега; Cheshir; г-н Sema; moonlight from spb; BELLEVIL,https://polemicagame.com/match/490304,
490305,2026-01-06 20:00:00,match,1,7,3.0,Juls,1,55175,For_eLL_,2,avomarika; Вега,Орочимару; Cheshir; Размен; Вега; BELLEVIL; For_eLL_; avomarika; moonlight from spb; Antimuge; г-н Sema,https://polemicagame.com/match/490305,
490306,2026-01-06 21:00:00,match,1,8,3.0,Juls,1,11798,г-н Sema,2,avomarika; Вега,Размен; Antimuge; г-н Sema; For_eLL_; Орочимару; Cheshir; BELLEVIL; avomarika; Вега; moonlight from spb,https://polemicagame.com/match/490306,
492928,2026-01-09 13:00:00,match,1,5,3.0,Гуcь,0,98224,отче,3,Саня запчасти; Лиса; Аномалия,саня запчасти; отче; Anомалия; BELLEVIL; Лисa; Окабе; Скорпионша ; Healer; paster; Rikso,https://polemicagame.com/match/492928,
492929,2026-01-09 14:00:00,match,1,6,3.0,Гуcь,1,86129,Скорпионша ,3,Саня запчасти; Лиса; Аномалия,отче; саня запчасти; Anомалия; paster; Окабе; Лисa; Скорпионша ; BELLEVIL; Healer; Rikso,https://polemicagame.com/match/492929,
492930,2026-01-09 15:00:00,match,1,7,3.0,Гуcь,1,11798,Скорпионша ,3,Саня запчасти; Лиса; Аномалия,BELLEVIL; paster; отче; Скорпионша ; Healer; Лисa; саня запчасти; Окабе; Rikso; Anомалия,https://polemicagame.com/match/492930,
492931,2026-01-09 16:00:00,match,1,8,3.0,Гуcь,1,73568,саня запчасти,3,Саня запчасти; Лиса; Аномалия,paster; Healer; Окабе; Скорпионша ; отче; Anомалия; Лисa; саня запчасти; Rikso; BELLEVIL,https://polemicagame.com/match/492931,
494791,2026-01-12 13:00:00,match,1,9,3.0,Гуcь,0,133903,StronGlav,1,Саня запчасти,StronGlav; саня запчасти; Яблоко; Барре; ГМЖ; BELLEVIL; отче; Плюшка); sokl; Irukan,https://polemicagame.com/match/494791,
494792,2026-01-12 14:00:00,match,1,10,3.0,Гуcь,1,66476,ГМЖ,1,Саня запчасти,ГМЖ; Барре; sokl; отче; Irukan; BELLEVIL; StronGlav; Яблоко; саня запчасти; Плюшка),https://polemicagame.com/match/494792,
494793,2026-01-12 15:00:00,match,1,11,3.0,Гуcь,1,73568,Яблоко,1,Саня запчасти,отче; Irukan; Барре; Яблоко; BELLEVIL; Плюшка); sokl; саня запчасти; ГМЖ; StronGlav,https://polemicagame.com/match/494793,
494794,2026-01-12 16:00:00,match,1,12,3.0,Гуcь,1,133903,StronGlav,1,Саня запчасти,ГМЖ; StronGlav; Irukan; отче; sokl; BELLEVIL; Плюшка); саня запчасти; Яблоко; Барре,https://polemicagame.com/match/494794,
495438,2026-01-12 19:00:00,match,1,9,3.0,azalea,0,5605,Орочимару,1,Белладонна,Орочимару; Плюшка); Antimuge; Saint-P; MikoChu; Белладонна; Stereo; Доктор_Ливси; Пожарный; Kaiser,https://polemicagame.com/match/495438,
495439,2026-01-12 20:00:00,match,1,10,3.0,azalea,0,749,MikoChu,1,Белладонна,Kaiser; Доктор_Ливси; Stereo; MikoChu; Орочимару; Плюшка); Пожарный; Saint-P; Antimuge; Белладонна,https://polemicagame.com/match/495439,
495440,2026-01-12 21:00:00,match,1,11,3.0,azalea,1,84683,Saint-P,1,Белладонна,Saint-P; Kaiser; Доктор_Ливси; MikoChu; Орочимару; Stereo; Пожарный; Плюшка); Antimuge; Белладонна,https://polemicagame.com/match/495440,
495441,2026-01-12 22:00:00,match,1,12,3.0,azalea,0,396,Saint-P,1,Белладонна,Белладонна; Stereo; Saint-P; Доктор_Ливси; Antimuge; Орочимару; Плюшка); Kaiser; Пожарный; MikoChu,https://polemicagame.com/match/495441,
495983,2026-01-14 19:00:00,match,1,13,3.0,Гуcь,0,54555,sokl,1,Лиса,MadCat; Барре; Яблоко; sokl; Slam; Irukan; Лисa; KAA; Johnny Utah; Окабе,https://polemicagame.com/match/495983,
495984,2026-01-14 20:00:00,match,1,14,3.0,Гуcь,1,86129,MadCat,1,Лиса,Лисa; Irukan; sokl; MadCat; Барре; Яблоко; Slam; Johnny Utah; Окабе; KAA,https://polemicagame.com/match/495984,
495985,2026-01-14 21:00:00,match,1,15,3.0,Гуcь,1,26237,sokl,1,Лиса,sokl; Irukan; Johnny Utah; Лисa; Барре; MadCat; Яблоко; Slam; KAA; Окабе,https://polemicagame.com/match/495985,
495986,2026-01-14 22:00:00,match,1,16,3.0,Гуcь,0,1305,Johnny Utah,1,Лиса,Лисa; Johnny Utah; Irukan; Барре; Яблоко; Окабе; sokl; MadCat; KAA; Slam,https://polemicagame.com/match/495986,
497200,2026-01-15 19:00:00,match,1,17,3.0,Гуcь,1,62881,Johnny Utah,2,Вега; Аномалия,Lost Sky; Johnny Utah; Rikso; Вега; And1; pochemyyazdes; Nevesta; Healer; Anомалия; Анемона,https://polemicagame.com/match/497200,
497201,2026-01-15 20:00:00,match,1,18,3.0,Гуcь,1,98224,Lost Sky,2,Вега; Аномалия,Анемона; Lost Sky; Rikso; pochemyyazdes; Healer; Nevesta; Вега; Johnny Utah; And1; Anомалия,https://polemicagame.com/match/497201,
497202,2026-01-15 21:00:00,match,1,19,3.0,Гуcь,1,53505,Вега,2,Вега; Аномалия,Healer; pochemyyazdes; Johnny Utah; Вега; Анемона; Nevesta; And1; Lost Sky; Rikso; Anомалия,https://polemicagame.com/match/497202,
497203,2026-01-15 22:00:00,match,1,20,3.0,Гуcь,1,74136,Anомалия,2,Вега; Аномалия,And1; Johnny Utah; Rikso; pochemyyazdes; Anомалия; Вега; Анемона; Healer; Lost Sky; Nevesta,https://polemicagame.com/match/497203,
497959,2026-01-17 11:00:00,match,1,1,3.0,Гуcь,1,36696,Baj0ra,2,Секрет; Марипоса,Лейтенaнт; Baj0ra; Talisman; Том; Секрет-; Allen; Nevesta; Demi; Slam; Марипоса,https://polemicagame.com/match/497959,
497960,2026-01-17 11:00:00,match,2,1,3.0,Любезный,0,4807,Ллирик,1,Лиса,Ллирик; ГМЖ; Saint-P; Рэндом; отче; Сложный; Лисa; Dmitry_st; Анемона; Размен,https://polemicagame.com/match/497960,
497961,2026-01-17 11:00:00,match,3,1,3.0,Музыка),1,3229,Пожарный,2,avomarika; Axeon,BELLEVIL; MadCat; avomarika; pevoon; Доктор_Ливси; Stereo; Пожарный; Axeon; WIMP; Почтенный,https://polemicagame.com/match/497961,
497963,2026-01-17 12:00:00,match,2,2,3.0,Любезный,1,4807,Лисa,2,Лиса; Секрет,Том; Talisman; Baj0ra; отче; Размен; Секрет-; ГМЖ; Ллирик; Пожарный; Лисa,https://polemicagame.com/match/497963,
497964,2026-01-17 12:00:00,match,3,2,3.0,Музыка),1,60805,Рэндом,3,avomarika; Axeon; Марипоса,Марипоса; MadCat; Dmitry_st; Анемона; Рэндом; Demi; Allen; WIMP; avomarika; Axeon,https://polemicagame.com/match/497964,
497965,2026-01-17 13:00:00,match,1,3,3.0,Гуcь,0,396,Saint-P,1,Секрет,Demi; Сложный; MadCat; Секрет-; Nevesta; Лейтенaнт; Доктор_Ливси; BELLEVIL; отче; Saint-P,https://polemicagame.com/match/497965,
497966,2026-01-17 13:00:00,match,2,3,3.0,Любезный,0,36696,Том,1,Марипоса,Марипоса; Talisman; WIMP; pevoon; Allen; Том; Пожарный; Baj0ra; Stereo; Рэндом,https://polemicagame.com/match/497966,
497967,2026-01-17 13:00:00,match,3,3,3.0,Музыка),1,60805,Почтенный,3,avomarika; Axeon; Лиса,Slam; Лисa; Анемона; Ллирик; ГМЖ; Размен; Почтенный; Axeon; Dmitry_st; avomarika,https://polemicagame.com/match/497967,
497968,2026-01-17 14:00:00,match,1,4,3.0,Гуcь,1,88154,Рэндом,2,Секрет; Марипоса,Рэндом; Demi; Пожарный; Saint-P; Baj0ra; Секрет-; отче; Марипоса; WIMP; Лейтенaнт,https://polemicagame.com/match/497968,
497969,2026-01-17 14:00:00,match,2,4,3.0,Любезный,0,105520,Talisman,1,Axeon,pevoon; BELLEVIL; Ллирик; Том; Talisman; Почтенный; Анемона; MadCat; Axeon; Доктор_Ливси,https://polemicagame.com/match/497969,
497970,2026-01-17 14:00:00,match,3,4,3.0,Музыка),1,68210,Stereo,2,avomarika; Лиса,Сложный; Лисa; Allen; Nevesta; avomarika; ГМЖ; Dmitry_st; Stereo; Размен; Slam,https://polemicagame.com/match/497970,
497972,2026-01-17 15:00:00,match,2,5,3.0,Любезный,1,36696,pevoon,3,avomarika; Axeon; Секрет,Том; avomarika; Ллирик; pevoon; WIMP; Slam; Секрет-; Axeon; Размен; Demi,https://polemicagame.com/match/497972,
497973,2026-01-17 15:00:00,match,3,5,3.0,Музыка),0,68210,Stereo,2,Лиса; Марипоса,Марипоса; Stereo; отче; Talisman; Пожарный; Почтенный; Лисa; Рэндом; Сложный; Dmitry_st,https://polemicagame.com/match/497973,
497974,2026-01-17 16:00:00,match,1,6,3.0,Гуcь,1,60797,pevoon,2,avomarika; Axeon,Рэндом; Nevesta; Stereo; Анемона; Axeon; pevoon; avomarika; Доктор_Ливси; Saint-P; Ллирик,https://polemicagame.com/match/497974,
497975,2026-01-17 16:00:00,match,2,6,3.0,Любезный,1,48788,MadCat,1,Марипоса,ГМЖ; Том; Baj0ra; MadCat; Размен; Demi; Марипоса; Dmitry_st; отче; Slam,https://polemicagame.com/match/497975,
497976,2026-01-17 16:00:00,match,3,6,3.0,Музыка),0,68210,Allen,2,Лиса; Секрет,Allen; WIMP; BELLEVIL; Секрет-; Пожарный; Сложный; Talisman; Лисa; Почтенный; Лейтенaнт,https://polemicagame.com/match/497976,
497977,2026-01-17 17:00:00,match,1,7,3.0,Гуcь,1,128592,Том,4,avomarika; Axeon; Секрет; Марипоса,Axeon; Марипоса; Пожарный; Том; Анемона; avomarika; Размен; Demi; Talisman; Секрет-,https://polemicagame.com/match/497977,
497978,2026-01-17 17:00:00,match,2,7,3.0,Любезный,1,60797,Лисa,1,Лиса,Allen; Почтенный; Slam; Ллирик; Лейтенaнт; Dmitry_st; Сложный; Лисa; BELLEVIL; pevoon,https://polemicagame.com/match/497978,
497980,2026-01-17 18:00:00,match,1,8,3.0,Гуcь,1,48788,Dmitry_st,1,Лиса,Dmitry_st; BELLEVIL; Baj0ra; Лисa; Saint-P; Лейтенaнт; Stereo; Размен; Allen; WIMP,https://polemicagame.com/match/497980,
497981,2026-01-17 18:00:00,match,2,8,3.0,Любезный,1,60797,Доктор_Ливси,2,avomarika; Axeon,ГМЖ; Доктор_Ливси; Почтенный; Talisman; Ллирик; pevoon; Анемона; Сложный; avomarika; Axeon,https://polemicagame.com/match/497981,
497982,2026-01-17 18:00:00,match,3,8,3.0,Музыка),1,73568,Slam,2,Секрет; Марипоса,MadCat; Slam; Том; Секрет-; Demi; Марипоса; Пожарный; Рэндом; Nevesta; отче,https://polemicagame.com/match/497982,
497983,2026-01-17 19:00:00,match,1,9,3.0,Гуcь,1,60805,Анемона,3,avomarika; Axeon; Лиса,Размен; Axeon; Рэндом; avomarika; WIMP; Лисa; Лейтенaнт; Доктор_Ливси; Анемона; Сложный,https://polemicagame.com/match/497983,
497984,2026-01-17 19:00:00,match,2,9,3.0,Любезный,0,62881,Dmitry_st,1,Марипоса,Dmitry_st; Ллирик; Марипоса; Saint-P; Baj0ra; Talisman; Demi; MadCat; Nevesta; ГМЖ,https://polemicagame.com/match/497984,
497985,2026-01-17 19:00:00,match,3,9,3.0,Музыка),1,74059,Почтенный,1,Секрет,Пожарный; Почтенный; Slam; Секрет-; Том; Stereo; Allen; отче; BELLEVIL; pevoon,https://polemicagame.com/match/497985,
497986,2026-01-17 20:00:00,match,1,10,3.0,Гуcь,1,60805,MadCat,3,avomarika; Axeon; Секрет,Axeon; avomarika; Рэндом; Размен; Stereo; BELLEVIL; Пожарный; Секрет-; MadCat; Том,https://polemicagame.com/match/497986,
497987,2026-01-17 20:00:00,match,2,10,3.0,Любезный,1,396,Demi,2,Лиса; Марипоса,Марипоса; Лисa; Slam; WIMP; Demi; Анемона; Доктор_Ливси; Talisman; ГМЖ; Saint-P,https://polemicagame.com/match/497987,
498812,2026-01-18 11:00:00,match,1,1,3.0,Гуcь,1,74059,Секрет-,2,Лиса; Секрет,Почтенный; Лисa; Секрет-; Том; отче; pevoon; Доктор_Ливси; BELLEVIL; Stereo; Demi,https://polemicagame.com/match/498812,
498813,2026-01-18 12:00:00,match,1,2,3.0,Гуcь,0,3229,Лисa,2,Лиса; Секрет,Доктор_Ливси; Лисa; pevoon; Секрет-; Stereo; BELLEVIL; отче; Почтенный; Том; Demi,https://polemicagame.com/match/498813,
498814,2026-01-18 13:00:00,match,1,3,3.0,Гуcь,1,88154,Demi,2,Лиса; Секрет,Stereo; Почтенный; Том; Секрет-; Лисa; BELLEVIL; отче; pevoon; Доктор_Ливси; Demi,https://polemicagame.com/match/498814,
498815,2026-01-18 14:00:00,match,1,4,3.0,Гуcь,0,36696,Stereo,2,Лиса; Секрет,Stereo; pevoon; Доктор_Ливси; отче; Demi; BELLEVIL; Лисa; Том; Секрет-; Почтенный,https://polemicagame.com/match/498815,
498816,2026-01-18 15:00:00,match,1,5,3.0,Гуcь,0,80225,Том,2,Лиса; Секрет,pevoon; Demi; Том; Stereo; Доктор_Ливси; BELLEVIL; Почтенный; Секрет-; Лисa; отче,https://polemicagame.com/match/498816,
498817,2026-01-18 16:00:00,match,1,6,3.0,Гуcь,0,80225,pevoon,2,Лиса; Секрет,Demi; BELLEVIL; pevoon; Доктор_Ливси; отче; Том; Stereo; Почтенный; Лисa; Секрет-,https://polemicagame.com/match/498817,
498818,2026-01-18 17:00:00,match,1,7,3.0,Гуcь,0,74059,pevoon,2,Лиса; Секрет,BELLEVIL; Доктор_Ливси; Demi; pevoon; Секрет-; Stereo; отче; Том; Почтенный; Лисa,https://polemicagame.com/match/498818,
499065,2026-01-18 19:00:00,match,1,21,3.0,Гуcь,1,98325,Aufstralia,3,Саня запчасти; Кармин; Фырчик,отче; саня запчасти; Aufstralia; pochemyyazdes; Кармин; Slam; Urusta; Фырчик; ГМЖ; Демид,https://polemicagame.com/match/499065,
499066,2026-01-18 20:00:00,match,1,22,3.0,Гуcь,1,15744,Aufstralia,3,Саня запчасти; Кармин; Фырчик,отче; Aufstralia; Демид; Urusta; pochemyyazdes; Slam; ГМЖ; Фырчик; саня запчасти; Кармин,https://polemicagame.com/match/499066,
499067,2026-01-18 21:00:00,match,1,23,3.0,Гуcь,1,100525,Фырчик,3,Саня запчасти; Кармин; Фырчик,Фырчик; Aufstralia; Демид; отче; pochemyyazdes; Urusta; ГМЖ; саня запчасти; Кармин; Slam,https://polemicagame.com/match/499067,
499068,2026-01-18 22:00:00,match,1,24,3.0,Гуcь,1,62324,саня запчасти,3,Саня запчасти; Кармин; Фырчик,Aufstralia; отче; pochemyyazdes; саня запчасти; Кармин; Демид; Urusta; Фырчик; ГМЖ; Slam,https://polemicagame.com/match/499068,
499662,2026-01-20 10:00:00,match,1,13,3.0,azalea,1,35960,Доктор_Ливси,2,Ластхиро; avomarika,Орочимару; avomarika; Кэт_театрум; Доктор_Ливси; Размен; Ластхиро; Malkav; Пожарный; MikoChu; shlyuba,https://polemicagame.com/match/499662,
500146,2026-01-20 10:00:00,match,1,17,3.0,azalea,1,49655,avomarika,2,Алёна; avomarika,Alena78; Saint-P; Malkav; LEBRONSPB; avomarika; shlyuba; Kaiser; Рокса; Cильвер; Chuckles,https://polemicagame.com/match/500146,
499663,2026-01-20 11:00:00,match,1,14,3.0,azalea,1,471,Ластхиро,2,Ластхиро; avomarika,Ластхиро; Доктор_Ливси; Кэт_театрум; Пожарный; Malkav; shlyuba; avomarika; MikoChu; Орочимару; Размен,https://polemicagame.com/match/499663,
500147,2026-01-20 11:00:00,match,1,18,3.0,azalea,1,23794,Saint-P,2,Алёна; avomarika,Malkav; Kaiser; shlyuba; Saint-P; Alena78; LEBRONSPB; avomarika; Chuckles; Рокса; Cильвер,https://polemicagame.com/match/500147,
499664,2026-01-20 12:00:00,match,1,15,3.0,azalea,1,19019,Размен,2,Ластхиро; avomarika,Пожарный; avomarika; Орочимару; Кэт_театрум; MikoChu; Доктор_Ливси; Malkav; Размен; shlyuba; Ластхиро,https://polemicagame.com/match/499664,
500148,2026-01-20 12:00:00,match,1,19,3.0,azalea,1,396,Cильвер,2,Алёна; avomarika,Рокса; Alena78; Chuckles; Kaiser; Malkav; LEBRONSPB; Saint-P; Cильвер; avomarika; shlyuba,https://polemicagame.com/match/500148,
499665,2026-01-20 13:00:00,match,1,16,3.0,azalea,0,35960,Размен,2,Ластхиро; avomarika,Ластхиро; Размен; MikoChu; Кэт_театрум; shlyuba; Malkav; Доктор_Ливси; Пожарный; avomarika; Орочимару,https://polemicagame.com/match/499665,
500149,2026-01-20 13:00:00,match,1,20,3.0,azalea,0,344,avomarika,2,Алёна; avomarika,avomarika; Malkav; LEBRONSPB; Cильвер; Kaiser; Chuckles; Alena78; shlyuba; Рокса; Saint-P,https://polemicagame.com/match/500149,
501152,2026-01-23 19:00:00,match,1,25,3.0,Гуcь,1,89880,Кармин,3,Кармин; Секрет; Аномалия,Анемона; Anомалия; Nevesta; Healer; Кармин; Milentovich; And1; Начальник; Скорпионша ; Секрет-,https://polemicagame.com/match/501152,
501153,2026-01-23 20:00:00,match,1,26,3.0,Гуcь,0,89123,Начальник,3,Кармин; Секрет; Аномалия,Начальник; Nevesta; Healer; Anомалия; Анемона; Скорпионша ; Milentovich; And1; Секрет-; Кармин,https://polemicagame.com/match/501153,
501154,2026-01-23 21:00:00,match,1,27,3.0,Гуcь,1,88154,Anомалия,3,Кармин; Секрет; Аномалия,Скорпионша ; Healer; Anомалия; Nevesta; And1; Milentovich; Начальник; Секрет-; Кармин; Анемона,https://polemicagame.com/match/501154,
501155,2026-01-23 22:00:00,match,1,28,3.0,Гуcь,1,98224,Секрет-,3,Кармин; Секрет; Аномалия,Начальник; Nevesta; Секрет-; Скорпионша ; Кармин; Анемона; Anомалия; Healer; And1; Milentovich,https://polemicagame.com/match/501155,
503901,2026-01-26 19:00:00,match,1,21,3.0,Пиджак,1,36696,Рокса,2,Ластхиро; Macarena,Доктор_Ливси; Macarena; Рокса; Плюшка); Ластхиро; Орочимару; Malkav; Пожарный; MikoChu; Том,https://polemicagame.com/match/503901,
503902,2026-01-26 20:00:00,match,1,22,3.0,Пиджак,0,70253,Macarena,2,Ластхиро; Macarena,Ластхиро; Macarena; Доктор_Ливси; Орочимару; Пожарный; Плюшка); Рокса; Том; Malkav; MikoChu,https://polemicagame.com/match/503902,
503903,2026-01-26 21:00:00,match,1,23,3.0,Пиджак,1,70253,Пожарный,2,Ластхиро; Macarena,Плюшка); Рокса; Доктор_Ливси; Том; Пожарный; Macarena; Ластхиро; MikoChu; Malkav; Орочимару,https://polemicagame.com/match/503903,
503904,2026-01-26 22:00:00,match,1,24,3.0,Пиджак,1,35960,Ластхиро,2,Ластхиро; Macarena,MikoChu; Доктор_Ливси; Malkav; Ластхиро; Рокса; Плюшка); Macarena; Том; Пожарный; Орочимару,https://polemicagame.com/match/503904,
504720,2026-01-28 19:00:00,match,1,33,3.0,Гуcь,1,74136,paster,4,Кармин; Вега; Axeon; Марипоса,Talisman; Кармин; Milentovich; Марипоса; paster; Рэндом; sokl; Nevesta; Axeon; Вега,https://polemicagame.com/match/504720,
504721,2026-01-28 20:00:00,match,1,34,3.0,Гуcь,0,66481,Кармин,4,Кармин; Вега; Axeon; Марипоса,Talisman; Nevesta; Кармин; Вега; Рэндом; paster; Milentovich; Axeon; sokl; Марипоса,https://polemicagame.com/match/504721,
504722,2026-01-28 21:00:00,match,1,35,3.0,Гуcь,0,70516,Axeon,4,Кармин; Вега; Axeon; Марипоса,Рэндом; Talisman; Кармин; Axeon; Nevesta; sokl; paster; Вега; Milentovich; Марипоса,https://polemicagame.com/match/504722,
504723,2026-01-28 22:00:00,match,1,36,3.0,Гуcь,1,92089,Axeon,4,Кармин; Вега; Axeon; Марипоса,Axeon; Рэндом; Вега; Кармин; Марипоса; Talisman; Milentovich; paster; Nevesta; sokl,https://polemicagame.com/match/504723,
506005,2026-01-30 19:00:00,match,1,37,3.0,Гуcь,1,81057,Анемона,3,Вега; Axeon; Секрет,Cheshir; Рэндом; pochemyyazdes; Начальник; Talisman; Секрет-; Анемона; Вега; Axeon; Lost Sky,https://polemicagame.com/match/506005,
506006,2026-01-30 20:00:00,match,1,38,3.0,Гуcь,1,81057,Talisman,3,Вега; Axeon; Секрет,Cheshir; Секрет-; Talisman; Axeon; Рэндом; Начальник; Анемона; Вега; pochemyyazdes; Lost Sky,https://polemicagame.com/match/506006,
506007,2026-01-30 21:00:00,match,1,39,3.0,Гуcь,1,89880,Вега,3,Вега; Axeon; Секрет,Вега; pochemyyazdes; Axeon; Начальник; Talisman; Рэндом; Cheshir; Lost Sky; Секрет-; Анемона,https://polemicagame.com/match/506007,
506008,2026-01-30 22:00:00,match,1,40,3.0,Гуcь,0,105520,Talisman,3,Вега; Axeon; Секрет,Вега; Секрет-; Talisman; Lost Sky; Cheshir; pochemyyazdes; Рэндом; Axeon; Анемона; Начальник,https://polemicagame.com/match/506008,
508447,2026-02-01 10:00:00,match,1,41,3.0,Пиджак,0,70666,paster,2,Лиса; Марипоса,Лисa; Urusta; paster; Irukan; Скорпионша ; Барре; KAA; Aufstralia; MadCat; Марипоса,https://polemicagame.com/match/508447,
508448,2026-02-01 11:00:00,match,1,42,3.0,Пиджак,1,86129,Aufstralia,2,Лиса; Марипоса,Irukan; Лисa; Марипоса; Скорпионша ; Aufstralia; Барре; Urusta; paster; KAA; MadCat,https://polemicagame.com/match/508448,
508449,2026-02-01 12:00:00,match,1,43,3.0,Пиджак,0,133903,Aufstralia,2,Лиса; Марипоса,Irukan; Urusta; KAA; Aufstralia; Скорпионша ; MadCat; paster; Барре; Лисa; Марипоса,https://polemicagame.com/match/508449,
508450,2026-02-01 13:00:00,match,1,44,3.0,Пиджак,1,65077,Лисa,2,Лиса; Марипоса,Барре; Лисa; paster; Urusta; MadCat; KAA; Скорпионша ; Aufstralia; Марипоса; Irukan,https://polemicagame.com/match/508450,
509332,2026-02-01 17:00:00,match,1,29,3.0,azalea,1,344,avomarika,3,Фартушная; avomarika; Macarena,Saint-P; Macarena; Фартушная; Stereo; LEBRONSPB; avomarika; Том; Фростик; Кэт_театрум; Antimuge,https://polemicagame.com/match/509332,
509333,2026-02-01 18:00:00,match,1,30,3.0,azalea,1,396,Кэт_театрум,3,Фартушная; avomarika; Macarena,Фростик; LEBRONSPB; Macarena; Фартушная; Кэт_театрум; avomarika; Том; Antimuge; Saint-P; Stereo,https://polemicagame.com/match/509333,
509334,2026-02-01 19:00:00,match,1,31,3.0,azalea,1,70253,Фартушная,3,Фартушная; avomarika; Macarena,Том; Фартушная; Saint-P; LEBRONSPB; avomarika; Stereo; Кэт_театрум; Antimuge; Фростик; Macarena,https://polemicagame.com/match/509334,
509335,2026-02-01 20:00:00,match,1,32,3.0,azalea,0,396,Antimuge,3,Фартушная; avomarika; Macarena,Antimuge; avomarika; Macarena; Saint-P; Кэт_театрум; LEBRONSPB; Stereo; Фартушная; Фростик; Том,https://polemicagame.com/match/509335,
509211,2026-02-02 10:00:00,match,1,25,3.0,Пиджак,0,396,Doc.,2,Фартушная; avomarika,Stereo; Doc.; avomarika; LEBRONSPB; Сложный; Кэт_театрум; Фартушная; Фростик; Saint-P; Kaiser,https://polemicagame.com/match/509211,
509212,2026-02-02 11:00:00,match,1,26,3.0,Пиджак,0,344,LEBRONSPB,2,Фартушная; avomarika,Фартушная; LEBRONSPB; avomarika; Saint-P; Kaiser; Фростик; Сложный; Stereo; Кэт_театрум; Doc.,https://polemicagame.com/match/509212,
509213,2026-02-02 12:00:00,match,1,27,3.0,Пиджак,1,60805,Сложный,2,Фартушная; avomarika,avomarika; Фростик; Сложный; Фартушная; Stereo; Saint-P; Doc.; LEBRONSPB; Kaiser; Кэт_театрум,https://polemicagame.com/match/509213,
509214,2026-02-02 13:00:00,match,1,28,3.0,Пиджак,0,71172,Stereo,2,Фартушная; avomarika,Фростик; Stereo; Kaiser; Кэт_театрум; Saint-P; Сложный; Фартушная; LEBRONSPB; Doc.; avomarika,https://polemicagame.com/match/509214,
510510,2026-02-04 10:00:00,match,1,33,3.0,azalea,0,45675,Victor,2,Фартушная; Белладонна,Cильвер; Malkav; Плюшка); Том; Флаффи; Victor; Белладонна; Сложный; Фартушная; Доктор_Ливси,https://polemicagame.com/match/510510,
510560,2026-02-04 10:00:00,match,1,34,3.0,azalea,0,49655,Cильвер,2,Фартушная; Белладонна,Malkav; Флаффи; Фартушная; Victor; Доктор_Ливси; Белладонна; Том; Cильвер; Сложный; Плюшка),https://polemicagame.com/match/510560,
510561,2026-02-04 11:00:00,match,1,35,3.0,azalea,1,1302,Белладонна,2,Фартушная; Белладонна,Malkav; Том; Сложный; Плюшка); Фартушная; Cильвер; Victor; Белладонна; Флаффи; Доктор_Ливси,https://polemicagame.com/match/510561,
510562,2026-02-04 12:00:00,match,1,36,3.0,azalea,0,68210,Флаффи,2,Фартушная; Белладонна,Плюшка); Victor; Cильвер; Флаффи; Белладонна; Сложный; Доктор_Ливси; Malkav; Том; Фартушная,https://polemicagame.com/match/510562,
511083,2026-02-05 10:00:00,match,1,1,3.0,Кармин,1,1238,Доктор_Ливси,3,Story; Вега; Axeon,Скорпионша ; Лекс; Доктор_Ливси; Зазеркалье; Demi; fargos; Незлой; Story; Axeon; Вега,https://polemicagame.com/match/511083,
511084,2026-02-05 11:00:00,match,1,2,3.0,Кармин,0,80225,Story,3,Story; Вега; Axeon,fargos; Axeon; Доктор_Ливси; Скорпионша ; Demi; Story; Лекс; Вега; Зазеркалье; Незлой,https://polemicagame.com/match/511084,
511085,2026-02-05 12:00:00,match,1,3,3.0,Кармин,1,16184,Вега,3,Story; Вега; Axeon,fargos; Вега; Demi; Лекс; Axeon; Незлой; Скорпионша ; Зазеркалье; Доктор_Ливси; Story,https://polemicagame.com/match/511085,
511086,2026-02-05 13:00:00,match,1,4,3.0,Кармин,1,89123,Story,3,Story; Вега; Axeon,Незлой; fargos; Скорпионша ; Story; Axeon; Вега; Зазеркалье; Demi; Доктор_Ливси; Лекс,https://polemicagame.com/match/511086,
511087,2026-02-05 14:00:00,match,1,5,3.0,Кармин,0,89123,Незлой,3,Story; Вега; Axeon,fargos; Незлой; Доктор_Ливси; Demi; Вега; Story; Скорпионша ; Зазеркалье; Лекс; Axeon,https://polemicagame.com/match/511087,
511668,2026-02-06 10:00:00,match,1,45,3.0,azalea,0,89880,Инкогнито,3,Фырчик; Axeon; Марипоса,Инкогнито; Рэндом; Начальник; Фырчик; KAA; Марипоса; Axeon; Urusta; MadCat; Cheshir,https://polemicagame.com/match/511668,
511669,2026-02-06 11:00:00,match,1,46,3.0,azalea,1,54555,Рэндом,3,Фырчик; Axeon; Марипоса,Фырчик; Инкогнито; Марипоса; Axeon; Рэндом; Начальник; Urusta; MadCat; KAA; Cheshir,https://polemicagame.com/match/511669,
511670,2026-02-06 12:00:00,match,1,47,3.0,azalea,1,109188,Cheshir,3,Фырчик; Axeon; Марипоса,Марипоса; Cheshir; Фырчик; Urusta; Рэндом; KAA; MadCat; Инкогнито; Axeon; Начальник,https://polemicagame.com/match/511670,
511671,2026-02-06 13:00:00,match,1,48,3.0,azalea,1,55175,Инкогнито,3,Фырчик; Axeon; Марипоса,Марипоса; Рэндом; KAA; MadCat; Инкогнито; Cheshir; Urusta; Начальник; Фырчик; Axeon,https://polemicagame.com/match/511671,
514014,2026-02-10 10:00:00,match,1,37,3.0,azalea,0,1035,Macarena,2,Ластхиро; Macarena,Воробушек; Victor; Macarena; Пожарный; Ллирик; Kaiser; Cильвер; Флаффи; Ластхиро; Плюшка),https://polemicagame.com/match/514014,
514015,2026-02-10 11:00:00,match,1,38,3.0,azalea,1,70253,Ластхиро,2,Ластхиро; Macarena,Плюшка); Kaiser; Ластхиро; Пожарный; Cильвер; Victor; Воробушек; Ллирик; Флаффи; Macarena,https://polemicagame.com/match/514015,
514016,2026-02-10 12:00:00,match,1,39,3.0,azalea,0,749,Воробушек,2,Ластхиро; Macarena,Воробушек; Ллирик; Ластхиро; Kaiser; Cильвер; Флаффи; Victor; Пожарный; Плюшка); Macarena,https://polemicagame.com/match/514016,
514017,2026-02-10 13:00:00,match,1,40,3.0,azalea,1,343,Macarena,2,Ластхиро; Macarena,Cильвер; Воробушек; Kaiser; Флаффи; Victor; Плюшка); Пожарный; Macarena; Ллирик; Ластхиро,https://polemicagame.com/match/514017,
514439,2026-02-10 14:32:58,match,1,42,3.0,azalea,1,343,Флаффи,2,Ластхиро; Macarena,Флаффи; Victor; Antimuge; Пожарный; Cильвер; Kaiser; Воробушек; Орочимару; Macarena; Ластхиро,https://polemicagame.com/match/514439,
514438,2026-02-10 19:00:00,match,1,41,3.0,azalea,1,431,Antimuge,2,Ластхиро; Macarena,Пожарный; Орочимару; Antimuge; Kaiser; Cильвер; Ластхиро; Victor; Воробушек; Macarena; Флаффи,https://polemicagame.com/match/514438,
514646,2026-02-11 10:00:00,match,1,43,3.0,azalea,0,70253,Ластхиро,2,Ластхиро; Macarena,Ластхиро; Воробушек; Antimuge; Kaiser; Пожарный; Орочимару; Флаффи; Victor; Cильвер; Macarena,https://polemicagame.com/match/514646,
514647,2026-02-11 11:00:00,match,1,44,3.0,azalea,0,749,Ластхиро,2,Ластхиро; Macarena,Ластхиро; Пожарный; Флаффи; Kaiser; Macarena; Воробушек; Орочимару; Victor; Antimuge; Cильвер,https://polemicagame.com/match/514647,
515080,2026-02-11 18:02:16,match,1,81,3.0,Барусу,1,73014,Sol invictus,1,Кармин,ronder; Paliotis; Sol invictus; светочка); sokl; Генрих; алиса_атом; Accord; Кармин,https://polemicagame.com/match/515080,
515114,2026-02-11 19:09:04,match,1,82,3.0,Барусу,1,5577,sokl,1,Кармин,sokl; Эпштейн; Улыбкa; ППК; светочка); Кармин; Accord; Demi; Sol invictus; Paliotis,https://polemicagame.com/match/515114,
515519,2026-02-12 19:00:00,match,1,49,3.0,Гуcь,0,74136,sokl,4,Кармин; Вега; Axeon; Аномалия,Скорпионша ; sokl; Axeon; Anомалия; Вега; Lost Sky; StronGlav; Анемона; Кармин; Начальник,https://polemicagame.com/match/515519,
515520,2026-02-12 20:00:00,match,1,50,3.0,Гуcь,1,98224,StronGlav,4,Кармин; Вега; Axeon; Аномалия,Начальник; Anомалия; Кармин; sokl; Анемона; Lost Sky; StronGlav; Скорпионша ; Axeon; Вега,https://polemicagame.com/match/515520,
515521,2026-02-12 21:00:00,match,1,51,3.0,Гуcь,1,89123,Начальник,4,Кармин; Вега; Axeon; Аномалия,Anомалия; Анемона; Скорпионша ; Вега; StronGlav; Начальник; Axeon; Кармин; sokl; Lost Sky,https://polemicagame.com/match/515521,
515522,2026-02-12 22:00:00,match,1,52,3.0,Гуcь,1,73014,StronGlav,4,Кармин; Вега; Axeon; Аномалия,Вега; Анемона; Anомалия; Axeon; Lost Sky; sokl; StronGlav; Начальник; Скорпионша ; Кармин,https://polemicagame.com/match/515522,
516473,2026-02-13 23:53:56,match,2,1,3.0,Кармин,1,103081,Сложный,1,Лиса,Чеба; TTpokypop; Арарат; Цapь; Сложный; Лисa; pochemyyazdes; Urusta; Лжедмитрий; ronder,https://polemicagame.com/match/516473,
516475,2026-02-13 23:53:56,match,4,1,3.0,Скорпионша ,0,59205,Птыц.,2,Белладонна; Аномалия,moonlight from spb; Птыц.; Белладонна; Мелисса); MadCat; Sol invictus; Beltsky; светочка); Anомалия; iznanka,https://polemicagame.com/match/516475,
516476,2026-02-13 23:53:56,match,1,2,3.0,JTH,1,72809,TTpokypop,1,Лиса,Окабе; Мелисса); TTpokypop; Генрих; Sol invictus; Nevesta; Katerina1199; Лисa; moonlight from spb; Lost Sky,https://polemicagame.com/match/516476,
516480,2026-02-13 23:53:56,match,1,3,3.0,JTH,1,103081,MadCat,1,Аномалия,Anомалия; MadCat; т3мный принтс; Гoспoжa; Цapь; Dinosaur; Генрих; Сложный; Мелисса); Пожарный,https://polemicagame.com/match/516480,
516482,2026-02-13 23:53:57,match,3,3,3.0,botinok_,0,86129,Лисa,1,Лиса,Sol invictus; Арарат; Лисa; Leap; Urusta; Птыц.; Foxx; Лекc; светочка); Филологz,https://polemicagame.com/match/516482,
516483,2026-02-13 23:53:57,match,4,3,3.0,Скорпионша ,0,65699,любитель мам,1,Белладонна,любитель мам; Smetanishe666; Лжедмитрий; Lost Sky; Katerina1199; Белладонна; Demi; ronder; Анемона; moonlight from spb,https://polemicagame.com/match/516483,
516485,2026-02-13 23:53:57,match,2,4,3.0,Кармин,0,76935,Mышьяк,1,Белладонна,Mышьяк; Чеба; Мелисса); любитель мам; Белладонна; TTpokypop; Анемона; Sol invictus; Foxx; т3мный принтс,https://polemicagame.com/match/516485,
516486,2026-02-13 23:53:57,match,3,4,3.0,botinok_,1,86129,Beltsky,2,Лиса; Аномалия,iznanka; Lost Sky; Anомалия; Лекc; Лжедмитрий; Beltsky; Лисa; Demi; Гoспoжa; Генрих,https://polemicagame.com/match/516486,
516489,2026-02-13 23:53:57,match,2,5,3.0,Кармин,1,90009,Sol invictus,1,Аномалия,Арарат; Demi; Sol invictus; Чеба; Anомалия; ronder; Окабе; Urusta; Цapь; Nevesta,https://polemicagame.com/match/516489,
516490,2026-02-13 23:53:57,match,3,5,3.0,botinok_,1,84683,pochemyyazdes,1,Белладонна,Leap; Katerina1199; sokl; т3мный принтс; Гoспoжa; Лекc; Лжедмитрий; Мелисса); pochemyyazdes; Белладонна,https://polemicagame.com/match/516490,
516491,2026-02-13 23:53:58,match,4,5,3.0,Скорпионша ,0,86129,Beltsky,1,Лиса,Smetanishe666; Лисa; Птыц.; moonlight from spb; Beltsky; Генрих; Пожарный; Foxx; Mышьяк; Анемона,https://polemicagame.com/match/516491,
516492,2026-02-13 23:53:58,match,1,6,3.0,JTH,0,68210,Anомалия,1,Аномалия,Сложный; Urusta; Lost Sky; Anомалия; moonlight from spb; Foxx; любитель мам; sokl; Sol invictus; Лекc,https://polemicagame.com/match/516492,
516494,2026-02-13 23:53:58,match,3,6,3.0,botinok_,0,100525,Мелисса),2,Белладонна; Лиса,Пожарный; Белладонна; Чеба; atom_tm; pochemyyazdes; Мелисса); Птыц.; Dinosaur; Demi; Лисa,https://polemicagame.com/match/516494,
516496,2026-02-13 23:53:58,match,1,7,3.0,JTH,0,124298,Анемона,2,Лиса; Аномалия,т3мный принтс; Leap; atom_tm; Анемона; Лисa; moonlight from spb; sokl; Anомалия; iznanka; Dinosaur,https://polemicagame.com/match/516496,
516498,2026-02-13 23:53:58,match,3,7,3.0,botinok_,0,84683,Белладонна,1,Белладонна,Foxx; Лжедмитрий; pochemyyazdes; Белладонна; Филологz; MadCat; Nevesta; Mышьяк; Lost Sky; Арарат,https://polemicagame.com/match/516498,
516501,2026-02-13 23:53:59,match,2,8,3.0,Кармин,1,80225,т3мный принтс,1,Белладонна,Лекc; moonlight from spb; Филологz; Demi; Генрих; т3мный принтс; Белладонна; TTpokypop; Арарат; atom_tm,https://polemicagame.com/match/516501,
516502,2026-02-13 23:53:59,match,3,8,3.0,botinok_,1,65699,Katerina1199,1,Аномалия,Мелисса); ronder; Smetanishe666; Katerina1199; Foxx; Anомалия; Urusta; pochemyyazdes; MadCat; Mышьяк,https://polemicagame.com/match/516502,
516503,2026-02-13 23:53:59,match,4,8,3.0,Скорпионша ,1,103081,sokl,1,Лиса,Dinosaur; sokl; Окабе; Птыц.; iznanka; Лжедмитрий; Sol invictus; Цapь; Лисa; любитель мам,https://polemicagame.com/match/516503,
516667,2026-02-14 13:00:00,match,1,53,3.0,Гуcь,0,62324,Nevesta,2,Саня запчасти; Лиса,отче; Talisman; Aufstralia; Nevesta; MadCat; Healer; Лисa; саня запчасти; BELLEVIL; Окабе,https://polemicagame.com/match/516667,
516668,2026-02-14 14:00:00,match,1,54,3.0,Гуcь,1,86129,BELLEVIL,2,Саня запчасти; Лиса,Talisman; отче; Aufstralia; саня запчасти; MadCat; BELLEVIL; Окабе; Лисa; Nevesta; Healer,https://polemicagame.com/match/516668,
516669,2026-02-14 15:00:00,match,1,55,3.0,Гуcь,0,73568,Лисa,2,Саня запчасти; Лиса,отче; Лисa; Окабе; BELLEVIL; Healer; MadCat; Aufstralia; Talisman; Nevesta; саня запчасти,https://polemicagame.com/match/516669,
516670,2026-02-14 16:00:00,match,1,56,3.0,Гуcь,0,11798,Healer,2,Саня запчасти; Лиса,Healer; отче; Talisman; BELLEVIL; Aufstralia; Окабе; MadCat; Лисa; Nevesta; саня запчасти,https://polemicagame.com/match/516670,
517363,2026-02-15 16:42:28,match,3,2,3.0,Accord,0,64905,Anомалия,2,Белладонна; Аномалия,Белладонна; Anомалия; Анемона; Арарат; Птыц.; Гoспoжa; ronder; Пожарный; Филологz; sokl,https://polemicagame.com/match/517363,
518036,2026-02-16 19:00:00,match,1,45,3.0,azalea,1,84683,Doc.,2,Macarena; Белладонна,Белладонна; LEBRONSPB; Doc.; Cильвер; Victor; Размен; Macarena; Флаффи; Воробушек; Кэт_театрум,https://polemicagame.com/match/518036,
518037,2026-02-16 20:00:00,match,1,46,3.0,azalea,0,1035,Размен,2,Macarena; Белладонна,Размен; Victor; Doc.; Macarena; LEBRONSPB; Флаффи; Воробушек; Cильвер; Кэт_театрум; Белладонна,https://polemicagame.com/match/518037,
518038,2026-02-16 21:00:00,match,1,47,3.0,azalea,1,1035,LEBRONSPB,2,Macarena; Белладонна,Кэт_театрум; LEBRONSPB; Размен; Victor; Белладонна; Воробушек; Флаффи; Macarena; Cильвер; Doc.,https://polemicagame.com/match/518038,
518039,2026-02-16 22:00:00,match,1,48,3.0,azalea,1,4807,Victor,2,Macarena; Белладонна,Воробушек; Cильвер; Размен; Белладонна; Флаффи; Кэт_театрум; LEBRONSPB; Victor; Doc.; Macarena,https://polemicagame.com/match/518039,
519207,2026-02-18 18:18:24,match,1,1,3.0,Генрих,1,50230,Буксир,1,Кармин,Буксир; т3мный принтс; ronder; алиса_атом; Кармин; Paliotis; Филологz; Мессир; Мелисса); Accord,https://polemicagame.com/match/519207,
519190,2026-02-18 19:00:00,match,1,1,3.0,Juls,1,71483,Секрет-,3,avomarika; Вега; Секрет,Saint-P; Сложный; avomarika; Лекc; Секрет-; Орочимару; Baj0ra; Вега; Том; Ллирик,https://polemicagame.com/match/519190,
518621,2026-02-18 19:10:00,match,1,57,3.0,Гуcь,1,70666,Марипоса,3,Фырчик; Секрет; Марипоса,Milentovich; ГМЖ; Марипоса; Инкогнито; Рэндом; Urusta; Яблоко; Секрет-; paster; Фырчик,https://polemicagame.com/match/518621,
519191,2026-02-18 20:00:00,match,1,2,3.0,Juls,1,36696,avomarika,3,avomarika; Вега; Секрет,Лекc; Секрет-; Вега; Сложный; Baj0ra; Ллирик; Saint-P; avomarika; Том; Орочимару,https://polemicagame.com/match/519191,
518622,2026-02-18 20:10:00,match,1,58,3.0,Гуcь,0,65077,Инкогнито,3,Фырчик; Секрет; Марипоса,Яблоко; Инкогнито; Марипоса; Milentovich; Рэндом; ГМЖ; Фырчик; paster; Секрет-; Urusta,https://polemicagame.com/match/518622,
518623,2026-02-18 21:10:00,match,1,59,3.0,Гуcь,0,65077,paster,3,Фырчик; Секрет; Марипоса,paster; Milentovich; Яблоко; Марипоса; Рэндом; Инкогнито; Фырчик; Секрет-; ГМЖ; Urusta,https://polemicagame.com/match/518623,
519389,2026-02-18 21:57:59,match,1,5,3.0,Juls,0,74136,Baj0ra,3,avomarika; Вега; Секрет,Сложный; Том; Saint-P; Ллирик; Секрет-; Вега; Орочимару; avomarika; Лекc; Baj0ra,https://polemicagame.com/match/519389,
519193,2026-02-18 22:00:00,match,1,4,3.0,Juls,1,128567,Том,3,avomarika; Вега; Секрет,Ллирик; Том; Baj0ra; Орочимару; Лекc; Сложный; Вега; Секрет-; avomarika; Saint-P,https://polemicagame.com/match/519193,
518624,2026-02-18 22:10:00,match,1,60,3.0,Гуcь,0,70666,Рэндом,3,Фырчик; Секрет; Марипоса,Milentovich; Фырчик; Рэндом; Марипоса; Urusta; Яблоко; ГМЖ; Инкогнито; Секрет-; paster,https://polemicagame.com/match/518624,
519650,2026-02-19 11:00:59,match,1,4,3.0,Барусу,1,73014,Sol invictus,1,Кармин,ronder; Paliotis; Sol invictus; светочка); sokl; Генрих; алиса_атом; Accord; Кармин,https://polemicagame.com/match/519650,
519658,2026-02-19 11:30:42,match,1,5,3.0,Барусу,1,5577,sokl,1,Кармин,sokl; Эпштейн; Улыбкa; ППК; светочка); Кармин; Accord; Demi; Sol invictus; Paliotis,https://polemicagame.com/match/519658,
519743,2026-02-20 19:00:00,match,1,61,3.0,Гуcь,0,86129,sokl,2,Фырчик; Лиса,Aufstralia; MadCat; sokl; отче; Окабе; Talisman; Лисa; Фырчик; BELLEVIL; StronGlav,https://polemicagame.com/match/519743,
519744,2026-02-20 20:00:00,match,1,62,3.0,Гуcь,1,60904,Talisman,2,Фырчик; Лиса,StronGlav; Aufstralia; Лисa; Окабе; Talisman; BELLEVIL; MadCat; sokl; Фырчик; отче,https://polemicagame.com/match/519744,
519745,2026-02-20 21:00:00,match,1,63,3.0,Гуcь,1,73568,Лисa,2,Фырчик; Лиса,Лисa; StronGlav; BELLEVIL; отче; MadCat; Talisman; sokl; Aufstralia; Окабе; Фырчик,https://polemicagame.com/match/519745,
519746,2026-02-20 22:00:00,match,1,64,3.0,Гуcь,1,73568,BELLEVIL,2,Фырчик; Лиса,sokl; отче; StronGlav; MadCat; BELLEVIL; Окабе; Лисa; Фырчик; Talisman; Aufstralia,https://polemicagame.com/match/519746,
521610,2026-02-22 10:00:00,match,1,49,3.0,Пиджак,0,1035,Doc.,1,Фартушная,shlyuba; Фартушная; Doc.; Ллирик; Antimuge; Фростик; Chuckles; Том; Воробушек; Рокса,https://polemicagame.com/match/521610,
521872,2026-02-22 10:00:00,match,1,53,3.0,Пиджак,1,1302,Сложный,1,Фартушная,Размен; Рокса; Фростик; Сложный; Stereo; Том; Doc.; Фартушная; shlyuba; Chuckles,https://polemicagame.com/match/521872,
521611,2026-02-22 11:00:00,match,1,50,3.0,Пиджак,1,36696,Воробушек,1,Фартушная,Фартушная; Doc.; Chuckles; Воробушек; Рокса; Ллирик; Antimuge; shlyuba; Фростик; Том,https://polemicagame.com/match/521611,
521873,2026-02-22 11:00:00,match,1,54,3.0,Пиджак,1,114573,Размен,1,Фартушная,Фартушная; Размен; Stereo; Том; Chuckles; Doc.; Сложный; shlyuba; Фростик; Рокса,https://polemicagame.com/match/521873,
521612,2026-02-22 12:00:00,match,1,51,3.0,Пиджак,1,5605,Ллирик,1,Фартушная,Doc.; Ллирик; shlyuba; Chuckles; Фартушная; Antimuge; Рокса; Фростик; Том; Воробушек,https://polemicagame.com/match/521612,
521874,2026-02-22 12:00:00,match,1,55,3.0,Пиджак,0,68210,Фартушная,1,Фартушная,Фартушная; shlyuba; Том; Фростик; Размен; Chuckles; Doc.; Stereo; Рокса; Сложный,https://polemicagame.com/match/521874,
521613,2026-02-22 13:00:00,match,1,52,3.0,Пиджак,0,1035,shlyuba,1,Фартушная,Том; Воробушек; Chuckles; Фростик; Ллирик; Фартушная; shlyuba; Doc.; Рокса; Antimuge,https://polemicagame.com/match/521613,
521875,2026-02-22 13:00:00,match,1,56,3.0,Пиджак,1,4807,Фартушная,1,Фартушная,Рокса; Фартушная; Том; shlyuba; Chuckles; Сложный; Размен; Фростик; Doc.; Stereo,https://polemicagame.com/match/521875,
522439,2026-02-23 10:00:00,match,1,1,3.0,Пиджак,1,11798,Мила Дон,2,Фырчик; Axeon,Lost Sky; yav salat; evgenich; BELLEVIL; Плюшка); Iven; Фырчик; Axeon; Мила Дон; Irukan,https://polemicagame.com/match/522439,
522440,2026-02-23 11:00:00,match,1,2,3.0,Пиджак,1,76996,Iven,2,Фырчик; Axeon,Плюшка); BELLEVIL; Lost Sky; Irukan; evgenich; Axeon; Мила Дон; yav salat; Фырчик; Iven,https://polemicagame.com/match/522440,
522441,2026-02-23 12:00:00,match,1,3,3.0,Пиджак,0,66476,Фырчик,2,Фырчик; Axeon,Фырчик; дьябло; Irukan; Мила Дон; Яникс; yav salat; evgenich; Iven; Axeon; Плюшка),https://polemicagame.com/match/522441,
522442,2026-02-23 13:00:00,match,1,4,3.0,Пиджак,1,76044,BELLEVIL,1,Фырчик,Iven; BELLEVIL; Фырчик; Яникс; Irukan; дьябло; Lost Sky; Мила Дон; Плюшка); evgenich,https://polemicagame.com/match/522442,
522443,2026-02-23 14:00:00,match,1,5,3.0,Пиджак,0,5623,Фырчик,1,Фырчик,Lost Sky; Мила Дон; BELLEVIL; дьябло; Фырчик; evgenich; Irukan; yav salat; Плюшка); Яникс,https://polemicagame.com/match/522443,
522444,2026-02-23 15:00:00,match,1,6,3.0,Пиджак,1,11798,Irukan,1,Axeon,Яникс; yav salat; Lost Sky; evgenich; Axeon; BELLEVIL; Irukan; Iven; Мила Дон; дьябло,https://polemicagame.com/match/522444,
522445,2026-02-23 16:00:00,match,1,7,3.0,Пиджак,1,107902,Axeon,2,Фырчик; Axeon,Мила Дон; Axeon; Lost Sky; Iven; Фырчик; evgenich; дьябло; Плюшка); Яникс; Irukan,https://polemicagame.com/match/522445,
522446,2026-02-23 17:00:00,match,1,8,3.0,Пиджак,1,113526,yav salat,2,Фырчик; Axeon,дьябло; Axeon; Iven; Фырчик; yav salat; Плюшка); BELLEVIL; Яникс; Мила Дон; Lost Sky,https://polemicagame.com/match/522446,
522447,2026-02-23 18:00:00,match,1,9,3.0,Пиджак,1,71396,Axeon,2,Фырчик; Axeon,Iven; Фырчик; evgenich; yav salat; Axeon; Плюшка); Яникс; BELLEVIL; дьябло; Мила Дон,https://polemicagame.com/match/522447,
522448,2026-02-23 19:00:00,match,1,10,3.0,Пиджак,0,81057,Axeon,2,Фырчик; Axeon,Мила Дон; Iven; Lost Sky; Яникс; Irukan; дьябло; BELLEVIL; Axeon; Фырчик; yav salat,https://polemicagame.com/match/522448,
522449,2026-02-23 20:00:00,match,1,11,3.0,Пиджак,1,11798,Iven,1,Axeon,Плюшка); дьябло; Irukan; Iven; Lost Sky; Яникс; Axeon; evgenich; BELLEVIL; yav salat,https://polemicagame.com/match/522449,
522450,2026-02-23 21:00:00,match,1,12,3.0,Пиджак,1,97638,Axeon,2,Фырчик; Axeon,evgenich; Lost Sky; Axeon; Фырчик; Яникс; Irukan; дьябло; yav salat; Плюшка); BELLEVIL,https://polemicagame.com/match/522450,
523853,2026-02-24 19:00:00,match,1,1,3.0,Лори,1,60797,Alena78,3,Ластхиро; Алёна; Macarena,Ллирик; Шахист; Размен; Ilushan; Ластхиро; Alena78; Macarena; Juls; Legacyy; Malkav,https://polemicagame.com/match/523853,
523854,2026-02-24 20:00:00,match,1,2,3.0,Лори,0,343,Macarena,3,Ластхиро; Алёна; Macarena,Legacyy; Ilushan; Macarena; Ллирик; Размен; Ластхиро; Malkav; Juls; Alena78; Шахист,https://polemicagame.com/match/523854,
523855,2026-02-24 21:00:00,match,1,3,3.0,Лори,0,85652,Macarena,3,Ластхиро; Алёна; Macarena,Шахист; Размен; Alena78; Legacyy; Ллирик; Ластхиро; Malkav; Macarena; Ilushan; Juls,https://polemicagame.com/match/523855,
523856,2026-02-24 22:00:00,match,1,4,3.0,Лори,1,70253,Ластхиро,3,Ластхиро; Алёна; Macarena,Ллирик; Шахист; Ilushan; Ластхиро; Malkav; Alena78; Macarena; Размен; Juls; Legacyy,https://polemicagame.com/match/523856,
524381,2026-02-25 18:09:39,match,1,1,3.0,Бийчанка,0,65699,Мелисса),3,Story; Кармин; Вега,Лиса; Smetanishe666; StronGlav; Мелисса); любитель мам; MadCat; Вега; Кармин; Avaluna; Story,https://polemicagame.com/match/524381,
523821,2026-02-25 19:00:00,match,1,65,3.0,Гуcь,1,66481,Anомалия,5,Кармин; Вега; Секрет; Аномалия; Марипоса,Urusta; Anомалия; Healer; Вега; Рэндом; Начальник; Марипоса; Секрет-; Кармин; paster,https://polemicagame.com/match/523821,
524432,2026-02-25 19:17:26,match,1,2,3.0,Accord,0,59762,Лиса,3,Story; Кармин; Вега,Avaluna; StronGlav; Мелисса); Лиса; любитель мам; MadCat; Story; Кармин; Вега; Smetanishe666,https://polemicagame.com/match/524432,
524435,2026-02-25 19:21:25,match,1,3,3.0,Accord,1,76935,Мелисса),3,Story; Кармин; Вега,Story; любитель мам; StronGlav; Вега; Мелисса); Avaluna; Лиса; Smetanishe666; MadCat; Кармин,https://polemicagame.com/match/524435,
524437,2026-02-25 19:23:01,match,1,4,3.0,Accord,0,54555,Вега,3,Story; Кармин; Вега,Мелисса); Story; Вега; StronGlav; Avaluna; Smetanishe666; Кармин; любитель мам; Лиса; MadCat,https://polemicagame.com/match/524437,
523822,2026-02-25 20:00:00,match,1,66,3.0,Гуcь,0,89880,Секрет-,5,Кармин; Вега; Секрет; Аномалия; Марипоса,Вега; Healer; Секрет-; Urusta; Марипоса; Anомалия; Рэндом; Начальник; paster; Кармин,https://polemicagame.com/match/523822,
523823,2026-02-25 21:00:00,match,1,67,3.0,Гуcь,1,74136,Urusta,5,Кармин; Вега; Секрет; Аномалия; Марипоса,Рэндом; Секрет-; Вега; paster; Начальник; Urusta; Healer; Кармин; Марипоса; Anомалия,https://polemicagame.com/match/523823,
523824,2026-02-25 22:00:00,match,1,68,3.0,Гуcь,1,66481,Anомалия,5,Кармин; Вега; Секрет; Аномалия; Марипоса,Кармин; Рэндом; Марипоса; Healer; Начальник; Urusta; paster; Вега; Anомалия; Секрет-,https://polemicagame.com/match/523824,
525789,2026-02-28 10:00:00,match,1,1,3.0,Anомалия,0,137363,paster,1,Axeon,paster; Milentovich; fargos; ГМЖ; Белаз; AvAnturist; Axeon; Аккорд; Жрица; Добро,https://polemicagame.com/match/525789,
526288,2026-02-28 10:30:00,match,1,1,3.0,Гуcь,0,65077,Марипоса,5,Кармин; Axeon; Секрет; Аномалия; Марипоса,StronGlav; sokl; Рэндом; paster; Anомалия; Марипоса; Axeon; Секрет-; Кармин; BELLEVIL,https://polemicagame.com/match/526288,
525790,2026-02-28 11:00:00,match,1,2,3.0,Anомалия,1,65649,Axeon,1,Axeon,paster; Добро; Жрица; Аккорд; Axeon; fargos; Белаз; Milentovich; ГМЖ; AvAnturist,https://polemicagame.com/match/525790,
526289,2026-02-28 11:30:00,match,1,2,3.0,Гуcь,0,88154,Секрет-,5,Кармин; Axeon; Секрет; Аномалия; Марипоса,Кармин; BELLEVIL; Axeon; paster; StronGlav; Марипоса; Anомалия; Секрет-; sokl; Рэндом,https://polemicagame.com/match/526289,
525791,2026-02-28 12:00:00,match,1,3,3.0,Anомалия,1,81057,paster,1,Axeon,paster; fargos; Жрица; Добро; Аккорд; AvAnturist; Белаз; Milentovich; Axeon; ГМЖ,https://polemicagame.com/match/525791,
526290,2026-02-28 12:30:00,match,1,3,3.0,Гуcь,0,11798,Axeon,5,Кармин; Axeon; Лиса; Секрет; Марипоса,Марипоса; Секрет-; Axeon; StronGlav; MadCat; Лисa; Рэндом; Кармин; paster; BELLEVIL,https://polemicagame.com/match/526290,
525792,2026-02-28 13:00:00,match,1,4,3.0,Anомалия,1,65649,fargos,1,Axeon,Аккорд; Жрица; fargos; Milentovich; Добро; ГМЖ; Axeon; paster; Белаз; AvAnturist,https://polemicagame.com/match/525792,
526291,2026-02-28 13:30:00,match,1,4,3.0,Гуcь,1,86129,Марипоса,5,Кармин; Лиса; Секрет; Аномалия; Марипоса,Anомалия; Марипоса; Кармин; StronGlav; Лисa; MadCat; Рэндом; BELLEVIL; sokl; Секрет-,https://polemicagame.com/match/526291,
525793,2026-02-28 14:00:00,match,1,5,3.0,Anомалия,0,65645,paster,1,Axeon,Axeon; paster; Добро; Белаз; AvAnturist; Milentovich; fargos; ГМЖ; Жрица; Аккорд,https://polemicagame.com/match/525793,
526292,2026-02-28 14:30:00,match,1,5,3.0,Гуcь,1,11798,paster,4,Кармин; Лиса; Аномалия; Марипоса,StronGlav; BELLEVIL; Кармин; Рэндом; MadCat; Марипоса; Лисa; Anомалия; sokl; paster,https://polemicagame.com/match/526292,
526293,2026-02-28 15:30:00,match,1,6,3.0,Гуcь,1,86129,paster,5,Кармин; Axeon; Лиса; Аномалия; Марипоса,Лисa; BELLEVIL; Марипоса; Кармин; Anомалия; StronGlav; Axeon; sokl; paster; MadCat,https://polemicagame.com/match/526293,
526294,2026-02-28 16:30:00,match,1,7,3.0,Гуcь,1,54555,paster,5,Кармин; Axeon; Лиса; Секрет; Аномалия,StronGlav; Anомалия; BELLEVIL; Кармин; Axeon; MadCat; Секрет-; Рэндом; Лисa; paster,https://polemicagame.com/match/526294,
526295,2026-02-28 17:30:00,match,1,8,3.0,Гуcь,1,81057,Кармин,5,Кармин; Axeon; Лиса; Секрет; Аномалия,sokl; Кармин; Anомалия; MadCat; Секрет-; Axeon; StronGlav; Рэндом; paster; Лисa,https://polemicagame.com/match/526295,
526296,2026-02-28 18:30:00,match,1,9,3.0,Гуcь,0,88154,Марипоса,6,Кармин; Axeon; Лиса; Секрет; Аномалия; Марипоса,sokl; Кармин; Лисa; Anомалия; StronGlav; Марипоса; Рэндом; Секрет-; Axeon; MadCat,https://polemicagame.com/match/526296,
526298,2026-02-28 20:30:00,match,1,11,3.0,Гуcь,1,65077,Марипоса,5,Axeon; Лиса; Секрет; Аномалия; Марипоса,Anомалия; paster; MadCat; Axeon; Лисa; sokl; Секрет-; BELLEVIL; Рэндом; Марипоса,https://polemicagame.com/match/526298,
526299,2026-02-28 21:30:00,match,1,12,3.0,Гуcь,0,86129,Axeon,6,Кармин; Axeon; Лиса; Секрет; Аномалия; Марипоса,Anомалия; Лисa; Кармин; Axeon; sokl; Марипоса; Секрет-; MadCat; BELLEVIL; paster,https://polemicagame.com/match/526299,
526669,2026-02-28 22:14:20,match,1,10,3.0,Гуcь,1,54555,Axeon,4,Axeon; Лиса; Секрет; Марипоса,Axeon; Рэндом; paster; BELLEVIL; MadCat; StronGlav; Марипоса; Лисa; sokl; Секрет-,https://polemicagame.com/match/526669,
526866,2026-03-02 10:00:00,match,1,1,3.0,Пиджак,1,60797,Ластхиро,3,Ластхиро; avomarika; Axeon,Сложный; avomarika; Axeon; Размен; Ллирик; Chuckles; Doc.; Доктор_Ливси; Ластхиро; paster,https://polemicagame.com/match/526866,
526867,2026-03-02 11:00:00,match,1,2,3.0,Пиджак,1,21576,paster,3,Ластхиро; avomarika; Axeon,Ластхиро; Сложный; Axeon; avomarika; Ллирик; Доктор_Ливси; Chuckles; paster; Doc.; Размен,https://polemicagame.com/match/526867,
526868,2026-03-02 12:00:00,match,1,3,3.0,Пиджак,1,1035,avomarika,3,Ластхиро; avomarika; Axeon,Doc.; Воробушек; Ллирик; Saint-P; paster; Ластхиро; avomarika; Chuckles; Axeon; Размен,https://polemicagame.com/match/526868,
526869,2026-03-02 13:00:00,match,1,4,3.0,Пиджак,0,4807,Doc.,3,Ластхиро; avomarika; Axeon,avomarika; paster; Saint-P; Axeon; Ластхиро; Размен; Chuckles; Воробушек; Ллирик; Doc.,https://polemicagame.com/match/526869,
526870,2026-03-02 14:00:00,match,1,5,3.0,Пиджак,1,8368,Doc.,2,Ластхиро; Axeon,Chuckles; Doc.; Воробушек; Сложный; Saint-P; Размен; Доктор_Ливси; Axeon; Ластхиро; Ллирик,https://polemicagame.com/match/526870,
526871,2026-03-02 15:00:00,match,1,6,3.0,Пиджак,1,396,Сложный,3,Ластхиро; avomarika; Axeon,Chuckles; Ластхиро; avomarika; Axeon; paster; Saint-P; Доктор_Ливси; Doc.; Воробушек; Сложный,https://polemicagame.com/match/526871,
526872,2026-03-02 16:00:00,match,1,7,3.0,Пиджак,0,68210,Ластхиро,3,Ластхиро; avomarika; Axeon,Ластхиро; avomarika; Воробушек; Сложный; paster; Ллирик; Доктор_Ливси; Axeon; Saint-P; Doc.,https://polemicagame.com/match/526872,
526873,2026-03-02 17:00:00,match,1,8,3.0,Пиджак,1,1035,Размен,3,Ластхиро; avomarika; Axeon,Сложный; avomarika; Доктор_Ливси; Saint-P; Воробушек; Axeon; paster; Ластхиро; Размен; Ллирик,https://polemicagame.com/match/526873,
526874,2026-03-02 18:00:00,match,1,9,3.0,Пиджак,0,4807,Axeon,2,Ластхиро; Axeon,Axeon; Доктор_Ливси; Chuckles; Ластхиро; paster; Saint-P; Воробушек; Размен; Сложный; Ллирик,https://polemicagame.com/match/526874,
526875,2026-03-02 19:00:00,match,1,10,3.0,Пиджак,1,396,Доктор_Ливси,2,Ластхиро; avomarika,avomarika; Doc.; Воробушек; Доктор_Ливси; Сложный; Ллирик; Chuckles; Saint-P; Ластхиро; Размен,https://polemicagame.com/match/526875,
526876,2026-03-02 20:00:00,match,1,11,3.0,Пиджак,1,21576,Saint-P,1,avomarika,Doc.; Доктор_Ливси; Saint-P; paster; Размен; Сложный; Воробушек; avomarika; Chuckles; Ллирик,https://polemicagame.com/match/526876,
526877,2026-03-02 21:00:00,match,1,12,3.0,Пиджак,1,71172,Воробушек,2,avomarika; Axeon,Доктор_Ливси; Сложный; Saint-P; Размен; Chuckles; paster; Воробушек; avomarika; Doc.; Axeon,https://polemicagame.com/match/526877,
528855,2026-03-04 18:18:30,match,1,24,3.0,Accord,1,58800,Арарат,1,Белладонна,Окабе; Белладонна; Сложный; Рэндом; Гoспoжa; Foxx; Krupliz; Арарат; Accord; Мелисса),https://polemicagame.com/match/528855,
530572,2026-03-08 10:00:00,match,1,1,3.0,Пиджак,1,5623,Стеша,2,Саня запчасти; Кармин,OranJ; Маэстро СПб; Стеша; Irukan; XXX Istrebitel mafii; Мила Дон; BELLEVIL; Кармин; саня запчасти; дьябло,https://polemicagame.com/match/530572,
530573,2026-03-08 11:00:00,match,1,2,3.0,Пиджак,1,11798,Кармин,2,Саня запчасти; Кармин,Маэстро СПб; Стеша; Кармин; OranJ; BELLEVIL; дьябло; Irukan; саня запчасти; Мила Дон; XXX Istrebitel mafii,https://polemicagame.com/match/530573,
530574,2026-03-08 12:00:00,match,1,3,3.0,Пиджак,0,11798,BELLEVIL,2,Саня запчасти; Кармин,Маэстро СПб; BELLEVIL; XXX Istrebitel mafii; Кармин; Стеша; дьябло; саня запчасти; Irukan; OranJ; Мила Дон,https://polemicagame.com/match/530574,
530575,2026-03-08 13:00:00,match,1,4,3.0,Пиджак,1,84958,Кармин,2,Саня запчасти; Кармин,Стеша; BELLEVIL; саня запчасти; OranJ; Мила Дон; Маэстро СПб; дьябло; Кармин; XXX Istrebitel mafii; Irukan,https://polemicagame.com/match/530575,
530576,2026-03-08 14:00:00,match,1,5,3.0,Пиджак,1,70516,саня запчасти,2,Саня запчасти; Кармин,Кармин; BELLEVIL; OranJ; Мила Дон; Irukan; дьябло; XXX Istrebitel mafii; Стеша; саня запчасти; Маэстро СПб,https://polemicagame.com/match/530576,
530577,2026-03-08 15:00:00,match,1,6,3.0,Пиджак,1,11798,Маэстро СПб,2,Саня запчасти; Кармин,Маэстро СПб; OranJ; Мила Дон; саня запчасти; Кармин; XXX Istrebitel mafii; дьябло; BELLEVIL; Стеша; Irukan,https://polemicagame.com/match/530577,
530578,2026-03-08 16:00:00,match,1,7,3.0,Пиджак,1,41582,дьябло,2,Саня запчасти; Кармин,XXX Istrebitel mafii; дьябло; Стеша; Кармин; BELLEVIL; OranJ; саня запчасти; Irukan; Мила Дон; Маэстро СПб,https://polemicagame.com/match/530578,
530579,2026-03-08 17:00:00,match,1,8,3.0,Пиджак,0,84958,Кармин,2,Саня запчасти; Кармин,Стеша; Кармин; BELLEVIL; OranJ; дьябло; Мила Дон; саня запчасти; XXX Istrebitel mafii; Irukan; Маэстро СПб,https://polemicagame.com/match/530579,
530580,2026-03-08 18:00:00,match,1,9,3.0,Пиджак,1,41582,OranJ,2,Саня запчасти; Кармин,Кармин; Стеша; Маэстро СПб; саня запчасти; BELLEVIL; XXX Istrebitel mafii; OranJ; Мила Дон; Irukan; дьябло,https://polemicagame.com/match/530580,
530581,2026-03-08 19:00:00,match,1,10,3.0,Пиджак,0,70516,Irukan,2,Саня запчасти; Кармин,саня запчасти; Irukan; OranJ; Кармин; Мила Дон; дьябло; BELLEVIL; Маэстро СПб; XXX Istrebitel mafii; Стеша,https://polemicagame.com/match/530581,
531844,2026-03-10 11:00:00,match,1,1,3.0,Пиджак,1,74059,Juls,3,Кармин; Axeon; Аномалия,StronGlav; Anомалия; Malkav; sokl; Кармин; Stereo; Juls; Том; MadCat; Axeon,https://polemicagame.com/match/531844,
531845,2026-03-10 12:00:00,match,1,2,3.0,Пиджак,1,85652,sokl,3,Кармин; Axeon; Аномалия,sokl; Malkav; Stereo; Axeon; MadCat; Juls; StronGlav; Кармин; Том; Anомалия,https://polemicagame.com/match/531845,
531846,2026-03-10 13:00:00,match,1,3,3.0,Пиджак,1,36696,Stereo,3,Кармин; Axeon; Аномалия,MadCat; Том; Anомалия; Stereo; Malkav; Juls; StronGlav; sokl; Кармин; Axeon,https://polemicagame.com/match/531846,
531847,2026-03-10 14:00:00,match,1,4,3.0,Пиджак,1,70516,Malkav,3,Кармин; Axeon; Аномалия,Juls; Stereo; Кармин; Anомалия; MadCat; sokl; StronGlav; Malkav; Axeon; Том,https://polemicagame.com/match/531847,
531848,2026-03-10 15:00:00,match,1,5,3.0,Пиджак,1,74059,Том,3,Кармин; Axeon; Аномалия,MadCat; Malkav; sokl; Juls; Stereo; Anомалия; Том; Кармин; Axeon; StronGlav,https://polemicagame.com/match/531848,
531849,2026-03-10 16:00:00,match,1,6,3.0,Пиджак,1,19019,StronGlav,3,Кармин; Axeon; Аномалия,Anомалия; Malkav; Juls; Axeon; MadCat; StronGlav; Кармин; Том; Stereo; sokl,https://polemicagame.com/match/531849,
531850,2026-03-10 17:00:00,match,1,7,3.0,Пиджак,1,98224,MadCat,3,Кармин; Axeon; Аномалия,Juls; Stereo; Кармин; MadCat; StronGlav; Anомалия; sokl; Axeon; Том; Malkav,https://polemicagame.com/match/531850,
531851,2026-03-10 18:00:00,match,1,8,3.0,Пиджак,0,85652,Anомалия,3,Кармин; Axeon; Аномалия,Axeon; Кармин; StronGlav; Anомалия; Том; MadCat; Malkav; Juls; Stereo; sokl,https://polemicagame.com/match/531851,
531852,2026-03-10 19:00:00,match,1,9,3.0,Пиджак,1,98224,Том,3,Кармин; Axeon; Аномалия,Axeon; Juls; Кармин; MadCat; Том; Anомалия; Stereo; StronGlav; sokl; Malkav,https://polemicagame.com/match/531852,
531853,2026-03-10 20:00:00,match,1,10,3.0,Пиджак,1,19019,Stereo,3,Кармин; Axeon; Аномалия,sokl; Кармин; Malkav; MadCat; Том; Axeon; Anомалия; Juls; Stereo; StronGlav,https://polemicagame.com/match/531853,
533211,2026-03-11 17:40:45,match,1,5,3.0,Accord,1,41582,светочка),2,Саня запчасти; Кармин,МиЗеС; светочка); Demi; саня запчасти; sokl; Лекc; Leap; Килми; Рэндом; Кармин,https://polemicagame.com/match/533211,
533221,2026-03-11 17:42:22,match,1,6,3.0,Accord,1,128567,Рэндом,2,Саня запчасти; Кармин,Лекc; Рэндом; МиЗеС; т3мный принтс; Demi; Килми; саня запчасти; Кармин; Leap; sokl,https://polemicagame.com/match/533221,
533222,2026-03-11 17:43:56,match,1,7,3.0,Accord,1,89473,т3мный принтс,2,Саня запчасти; Кармин,т3мный принтс; Килми; Рэндом; sokl; Кармин; саня запчасти; Leap; МиЗеС; Demi; Лекc,https://polemicagame.com/match/533222,
533224,2026-03-11 17:45:16,match,1,8,3.0,Accord,1,124298,Кармин,2,Саня запчасти; Кармин,саня запчасти; Лекc; Demi; Leap; МиЗеС; Рэндом; sokl; Кармин; т3мный принтс; Килми,https://polemicagame.com/match/533224,
535139,2026-03-14 11:00:00,match,1,1,3.0,Dmitry_st,0,71172,fey,2,Алёна; Саня запчасти,fey; Alena78; Homych; Demi; Doc.; Плюшка); KAA; саня запчасти; Сложный; Talisman,https://polemicagame.com/match/535139,
535140,2026-03-14 11:00:00,match,2,1,3.0,Лисa,0,84683,BELLEVIL,4,Фырчик; Белладонна; Аномалия; Марипоса,Белладонна; г-н Sema; Феномен; Anомалия; BELLEVIL; JTH; Baj0ra; Фырчик; Марипоса; pevoon,https://polemicagame.com/match/535140,
535141,2026-03-14 11:00:00,match,3,1,3.0,Mышьяк,1,64731,отче,2,Вега; Д. Колбасенко,Скажет; Кирюшкинс; Juls; отче; StronGlav; Вега; Шахист; WELSH; Данил_Колбасенко; Hartmann,https://polemicagame.com/match/535141,
535142,2026-03-14 11:00:00,match,4,1,3.0,Любезный,0,1306,Рэндом,4,Ластхиро; ФДМ; Story; Axeon,Stereo; ФДМ; Ластхиро; Story; Рэндом; Орочимару; Оладуш; sokl; Axeon; Ллирик,https://polemicagame.com/match/535142,
535143,2026-03-14 11:00:00,match,5,1,3.0,Музыка),1,101765,Доктор_Ливси,3,avomarika; Кармин; Секрет,Размен; avomarika; Секрет-; Кармин; Доктор_Ливси; chaffy; Айра.; Urusta; Лекc; Nevesta,https://polemicagame.com/match/535143,
535144,2026-03-14 12:00:00,match,1,2,3.0,Dmitry_st,1,70755,Айра.,1,Марипоса,Марипоса; г-н Sema; Juls; chaffy; Baj0ra; pevoon; Urusta; Лекc; Айра.; Nevesta,https://polemicagame.com/match/535144,
535145,2026-03-14 12:00:00,match,2,2,3.0,Лисa,0,70516,Кармин,4,avomarika; Кармин; Фырчик; Секрет,Кирюшкинс; Hartmann; Кармин; Секрет-; Рэндом; Фырчик; Скажет; Шахист; avomarika; Stereo,https://polemicagame.com/match/535145,
535146,2026-03-14 12:00:00,match,3,2,3.0,Mышьяк,1,584,Ллирик,1,Саня запчасти,Феномен; Доктор_Ливси; Размен; саня запчасти; Ллирик; fey; KAA; BELLEVIL; Homych; Плюшка),https://polemicagame.com/match/535146,
535147,2026-03-14 12:00:00,match,4,2,3.0,Любезный,1,84683,Doc.,5,Алёна; Вега; Белладонна; Д. Колбасенко; Аномалия,Alena78; Белладонна; отче; Anомалия; Talisman; sokl; Данил_Колбасенко; StronGlav; Doc.; Вега,https://polemicagame.com/match/535147,
535148,2026-03-14 12:00:00,match,5,2,3.0,Музыка),1,343,Demi,4,Ластхиро; ФДМ; Story; Axeon,Story; Оладуш; JTH; Орочимару; Demi; Ластхиро; ФДМ; WELSH; Axeon; Сложный,https://polemicagame.com/match/535148,
535149,2026-03-14 13:00:00,match,1,3,3.0,Dmitry_st,1,101765,pevoon,2,avomarika; Фырчик,pevoon; Скажет; Айра.; Hartmann; fey; JTH; Фырчик; Juls; Размен; avomarika,https://polemicagame.com/match/535149,
535150,2026-03-14 13:00:00,match,2,3,3.0,Лисa,1,1306,chaffy,4,ФДМ; Алёна; Саня запчасти; Секрет,Секрет-; ФДМ; chaffy; Demi; Urusta; саня запчасти; WELSH; Alena78; Орочимару; KAA,https://polemicagame.com/match/535150,
535151,2026-03-14 13:00:00,match,3,3,3.0,Mышьяк,1,2951,Сложный,4,Ластхиро; Кармин; Вега; Д. Колбасенко,Talisman; Кармин; Сложный; г-н Sema; Данил_Колбасенко; sokl; Оладуш; Ластхиро; Рэндом; Вега,https://polemicagame.com/match/535151,
535152,2026-03-14 13:00:00,match,4,3,3.0,Любезный,0,71172,Лекc,3,Story; Белладонна; Марипоса,Baj0ra; Лекc; Stereo; Шахист; Story; Nevesta; Белладонна; Марипоса; Doc.; Плюшка),https://polemicagame.com/match/535152,
535153,2026-03-14 13:00:00,match,,,,Музыка),1,584,Axeon,2,Axeon; Аномалия,Axeon; Anомалия; отче; Homych; StronGlav; Доктор_Ливси; BELLEVIL; Кирюшкинс; Ллирик; Феномен,https://polemicagame.com/match/535153,
535155,2026-03-14 14:00:00,match,2,4,3.0,Лисa,0,1306,Сложный,3,Ластхиро; ФДМ; Кармин,ФДМ; Talisman; KAA; Рэндом; Сложный; sokl; Ластхиро; Кармин; Baj0ra; fey,https://polemicagame.com/match/535155,
535156,2026-03-14 14:00:00,match,3,4,3.0,Mышьяк,1,101765,Орочимару,2,Белладонна; Секрет,Stereo; Размен; BELLEVIL; Орочимару; Juls; Белладонна; JTH; Секрет-; отче; Айра.,https://polemicagame.com/match/535156,
535157,2026-03-14 14:00:00,match,4,4,3.0,Любезный,1,3229,Homych,3,Саня запчасти; Фырчик; Марипоса,Марипоса; Homych; Ллирик; Nevesta; г-н Sema; pevoon; Плюшка); Феномен; саня запчасти; Фырчик,https://polemicagame.com/match/535157,
535158,2026-03-14 14:00:00,match,5,4,3.0,Музыка),0,71172,Доктор_Ливси,3,Story; Вега; Axeon,Axeon; Лекc; Вега; Hartmann; Urusta; chaffy; Доктор_Ливси; Шахист; Doc.; Story,https://polemicagame.com/match/535158,
535159,2026-03-14 15:00:00,match,1,5,3.0,Dmitry_st,0,48788,Baj0ra,2,Саня запчасти; Axeon,JTH; Лекc; Nevesta; саня запчасти; Baj0ra; Айра.; Доктор_Ливси; Axeon; г-н Sema; Скажет,https://polemicagame.com/match/535159,
535160,2026-03-14 15:00:00,match,2,5,3.0,Лисa,1,12052,Белладонна,5,Алёна; Вега; Фырчик; Белладонна; Аномалия,Фырчик; Белладонна; Anомалия; Stereo; Doc.; Вега; fey; Плюшка); Hartmann; Alena78,https://polemicagame.com/match/535160,
535161,2026-03-14 15:00:00,match,3,5,3.0,Mышьяк,1,585,Urusta,3,Story; avomarika; Секрет,avomarika; Ллирик; pevoon; Urusta; Шахист; Story; Размен; Оладуш; Секрет-; BELLEVIL,https://polemicagame.com/match/535161,
535162,2026-03-14 15:00:00,match,4,5,3.0,Любезный,1,1306,Juls,3,Ластхиро; ФДМ; Марипоса,StronGlav; Ластхиро; Марипоса; Homych; Talisman; Сложный; Demi; ФДМ; KAA; Juls,https://polemicagame.com/match/535162,
535163,2026-03-14 15:00:00,match,5,5,3.0,Музыка),0,73568,WELSH,2,Кармин; Д. Колбасенко,Кирюшкинс; Рэндом; отче; chaffy; WELSH; sokl; Феномен; Данил_Колбасенко; Кармин; Орочимару,https://polemicagame.com/match/535163,
535499,2026-03-14 15:20:42,match,1,4,3.0,Dmitry_st,1,142620,avomarika,4,Алёна; avomarika; Д. Колбасенко; Аномалия,Оладуш; WELSH; Данил_Колбасенко; StronGlav; Скажет; Anомалия; Demi; avomarika; Alena78; Кирюшкинс,https://polemicagame.com/match/535499,
535164,2026-03-14 16:00:00,match,1,6,3.0,Dmitry_st,1,60805,Айра.,3,avomarika; Кармин; Белладонна,fey; Доктор_Ливси; Кармин; Белладонна; Рэндом; Айра.; Лекc; avomarika; BELLEVIL; Размен,https://polemicagame.com/match/535164,
535165,2026-03-14 16:00:00,match,2,6,3.0,Лисa,0,71172,Hartmann,3,Ластхиро; Саня запчасти; Секрет,Doc.; Hartmann; саня запчасти; Оладуш; Плюшка); chaffy; Ластхиро; Homych; WELSH; Секрет-,https://polemicagame.com/match/535165,
535166,2026-03-14 16:00:00,match,3,6,3.0,Mышьяк,1,73568,Марипоса,3,ФДМ; Алёна; Марипоса,Baj0ra; Марипоса; sokl; ФДМ; Stereo; StronGlav; Alena78; отче; Ллирик; Juls,https://polemicagame.com/match/535166,
535167,2026-03-14 16:00:00,match,4,6,3.0,Любезный,1,80225,Urusta,3,Фырчик; Д. Колбасенко; Аномалия,Фырчик; Сложный; Феномен; Орочимару; pevoon; Кирюшкинс; Данил_Колбасенко; Demi; Anомалия; Urusta,https://polemicagame.com/match/535167,
535168,2026-03-14 16:00:00,match,5,6,3.0,Музыка),1,585,Nevesta,3,Story; Вега; Axeon,JTH; Axeon; Talisman; Nevesta; Шахист; Story; KAA; г-н Sema; Скажет; Вега,https://polemicagame.com/match/535168,
535169,2026-03-14 17:00:00,match,1,7,3.0,Dmitry_st,1,74059,Секрет-,3,Вега; Секрет; Аномалия,Anомалия; Лекc; Stereo; Скажет; sokl; Doc.; Шахист; Вега; StronGlav; Секрет-,https://polemicagame.com/match/535169,
535171,2026-03-14 17:00:00,match,3,7,3.0,Mышьяк,0,1306,Кармин,4,ФДМ; Кармин; Фырчик; Марипоса,Рэндом; Фырчик; chaffy; ФДМ; Орочимару; Феномен; Марипоса; WELSH; Nevesta; Кармин,https://polemicagame.com/match/535171,
535172,2026-03-14 17:00:00,match,4,7,3.0,Любезный,0,60797,Доктор_Ливси,4,Алёна; Саня запчасти; avomarika; Axeon,Hartmann; avomarika; отче; Axeon; Urusta; Доктор_Ливси; саня запчасти; Alena78; Ллирик; Размен,https://polemicagame.com/match/535172,
535173,2026-03-14 17:00:00,match,5,7,3.0,Музыка),0,59762,KAA,4,Ластхиро; Story; Белладонна; Д. Колбасенко,Talisman; KAA; JTH; Ластхиро; Baj0ra; Story; Кирюшкинс; Данил_Колбасенко; Белладонна; Demi,https://polemicagame.com/match/535173,
535174,2026-03-14 18:00:00,match,1,8,3.0,Dmitry_st,0,70755,Juls,3,ФДМ; avomarika; Марипоса,Айра.; BELLEVIL; Марипоса; ФДМ; Juls; avomarika; chaffy; Плюшка); Talisman; Лекc,https://polemicagame.com/match/535174,
535175,2026-03-14 18:00:00,match,2,8,3.0,Лисa,1,585,саня запчасти,3,Саня запчасти; Фырчик; Секрет,саня запчасти; Nevesta; Размен; Фырчик; Секрет-; WELSH; JTH; Орочимару; Сложный; Шахист,https://polemicagame.com/match/535175,
535176,2026-03-14 18:00:00,match,3,8,3.0,Mышьяк,0,23794,Alena78,4,Алёна; Story; Вега; Д. Колбасенко,Рэндом; Данил_Колбасенко; Alena78; Story; Ллирик; Вега; KAA; sokl; pevoon; Кирюшкинс,https://polemicagame.com/match/535176,
535177,2026-03-14 18:00:00,match,4,8,3.0,Любезный,1,343,Axeon,3,Ластхиро; Кармин; Axeon,StronGlav; отче; Кармин; Axeon; Ластхиро; г-н Sema; Homych; Stereo; Скажет; Demi,https://polemicagame.com/match/535177,
535178,2026-03-14 18:00:00,match,5,8,3.0,Музыка),1,[],fey,2,Белладонна; Аномалия,Anомалия; fey; Hartmann; Urusta; Baj0ra; Феномен; Оладуш; Доктор_Ливси; Белладонна; Doc.,https://polemicagame.com/match/535178,
535179,2026-03-14 19:00:00,match,1,9,3.0,Dmitry_st,0,585,Шахист,2,Story; Белладонна,Шахист; Орочимару; Оладуш; Story; Demi; WELSH; Размен; Плюшка); Белладонна; fey,https://polemicagame.com/match/535179,
535180,2026-03-14 19:00:00,match,2,9,3.0,Лисa,1,68210,Homych,1,Секрет,Juls; Сложный; Айра.; Hartmann; Homych; StronGlav; Talisman; Doc.; отче; Секрет-,https://polemicagame.com/match/535180,
535181,2026-03-14 19:00:00,match,3,9,3.0,Mышьяк,1,88950,sokl,4,Саня запчасти; Вега; Фырчик; Д. Колбасенко,sokl; Феномен; Кирюшкинс; Данил_Колбасенко; JTH; Ллирик; Вега; Фырчик; саня запчасти; Stereo,https://polemicagame.com/match/535181,
535182,2026-03-14 19:00:00,match,4,9,3.0,Любезный,1,70755,ФДМ,4,ФДМ; Алёна; Axeon; Аномалия,Axeon; ФДМ; Anомалия; Baj0ra; chaffy; KAA; pevoon; BELLEVIL; Alena78; Urusta,https://polemicagame.com/match/535182,
535183,2026-03-14 19:00:00,match,5,9,3.0,Музыка),0,142620,avomarika,4,Ластхиро; avomarika; Кармин; Марипоса,avomarika; Ластхиро; Доктор_Ливси; г-н Sema; Скажет; Марипоса; Nevesta; Лекc; Кармин; Рэндом,https://polemicagame.com/match/535183,
535184,2026-03-14 20:00:00,match,1,10,3.0,Dmitry_st,1,584,г-н Sema,2,Саня запчасти; Axeon,г-н Sema; саня запчасти; StronGlav; Baj0ra; отче; sokl; Доктор_Ливси; Axeon; Феномен; Сложный,https://polemicagame.com/match/535184,
535185,2026-03-14 20:00:00,match,2,10,3.0,Лисa,1,84683,Story,4,Ластхиро; Story; Белладонна; Секрет,Белладонна; Оладуш; Story; Homych; Плюшка); Hartmann; Размен; Секрет-; Ластхиро; Talisman,https://polemicagame.com/match/535185,
535186,2026-03-14 20:00:00,match,3,10,3.0,Mышьяк,0,98224,Demi,2,Аномалия; Марипоса,Demi; Марипоса; pevoon; Скажет; Urusta; Орочимару; Doc.; Anомалия; KAA; Шахист,https://polemicagame.com/match/535186,
535187,2026-03-14 20:00:00,match,4,10,3.0,Любезный,1,23794,Рэндом,5,ФДМ; Алёна; avomarika; Кармин; Фырчик,Кармин; Фырчик; Stereo; ФДМ; Рэндом; Alena78; BELLEVIL; avomarika; fey; chaffy,https://polemicagame.com/match/535187,
535188,2026-03-14 20:00:00,match,5,10,3.0,Музыка),1,101765,Juls,2,Вега; Д. Колбасенко,Айра.; Ллирик; WELSH; JTH; Nevesta; Вега; Juls; Кирюшкинс; Лекc; Данил_Колбасенко,https://polemicagame.com/match/535188,
535189,2026-03-14 21:00:00,match,1,11,3.0,Dmitry_st,1,142620,avomarika,3,Story; avomarika; Секрет,Скажет; Айра.; Секрет-; Оладуш; avomarika; Story; pevoon; Nevesta; Плюшка); г-н Sema,https://polemicagame.com/match/535189,
535190,2026-03-14 21:00:00,match,2,11,3.0,Лисa,1,4807,Homych,3,Алёна; Саня запчасти; Axeon,Размен; Homych; Сложный; саня запчасти; Axeon; Urusta; BELLEVIL; KAA; Alena78; Stereo,https://polemicagame.com/match/535190,
535191,2026-03-14 21:00:00,match,3,11,3.0,Mышьяк,0,92089,Doc.,2,Кармин; Д. Колбасенко,Talisman; Кармин; Лекc; Doc.; Baj0ra; chaffy; Demi; Данил_Колбасенко; StronGlav; Шахист,https://polemicagame.com/match/535191,
535192,2026-03-14 21:00:00,match,4,11,3.0,Любезный,1,12052,ФДМ,4,Ластхиро; ФДМ; Вега; Аномалия,Рэндом; ФДМ; fey; WELSH; Ластхиро; Anомалия; Вега; Ллирик; отче; Hartmann,https://polemicagame.com/match/535192,
535193,2026-03-14 21:00:00,match,5,11,3.0,Музыка),1,71483,Фырчик,3,Фырчик; Белладонна; Марипоса,Кирюшкинс; Фырчик; Juls; Доктор_Ливси; Белладонна; sokl; Феномен; Марипоса; JTH; Орочимару,https://polemicagame.com/match/535193,
535194,2026-03-14 22:00:00,match,1,12,3.0,Dmitry_st,0,84683,Hartmann,3,Белладонна; Аномалия; Марипоса,Hartmann; Доктор_Ливси; Феномен; Рэндом; KAA; Марипоса; Anомалия; Орочимару; Белладонна; Кирюшкинс,https://polemicagame.com/match/535194,
535195,2026-03-14 22:00:00,match,2,12,3.0,Лисa,1,74059,Размен,4,Алёна; avomarika; Кармин; Д. Колбасенко,отче; Сложный; Stereo; Размен; BELLEVIL; avomarika; Кармин; Alena78; Плюшка); Данил_Колбасенко,https://polemicagame.com/match/535195,
535196,2026-03-14 22:00:00,match,3,12,3.0,Mышьяк,0,48788,chaffy,4,Ластхиро; Саня запчасти; Фырчик; Axeon,Axeon; Talisman; Фырчик; chaffy; Urusta; Doc.; Ластхиро; Baj0ra; Demi; саня запчасти,https://polemicagame.com/match/535196,
535197,2026-03-14 22:00:00,match,4,12,3.0,Любезный,1,1306,Juls,1,ФДМ,Ллирик; Шахист; StronGlav; Juls; ФДМ; Nevesta; fey; Homych; pevoon; Оладуш,https://polemicagame.com/match/535197,
535198,2026-03-14 22:00:00,match,5,12,3.0,Музыка),1,101765,г-н Sema,3,Story; Вега; Секрет,Story; Вега; г-н Sema; WELSH; Секрет-; Лекc; JTH; sokl; Скажет; Айра.,https://polemicagame.com/match/535198,
535201,2026-03-14 23:00:00,match,3,13,3.0,Mышьяк,1,71172,Alena78,2,Алёна; Д. Колбасенко,Urusta; Данил_Колбасенко; BELLEVIL; Сложный; Alena78; KAA; Орочимару; Doc.; Доктор_Ливси; Juls,https://polemicagame.com/match/535201,
535202,2026-03-14 23:00:00,match,4,13,3.0,Любезный,0,74059,Кармин,3,Кармин; Вега; Секрет,Вега; г-н Sema; StronGlav; Секрет-; Кармин; отче; Demi; Феномен; Ллирик; Stereo,https://polemicagame.com/match/535202,
535203,2026-03-14 23:00:00,match,5,13,3.0,Музыка),1,596,Шахист,1,Саня запчасти,Homych; Лекc; fey; sokl; JTH; WELSH; chaffy; саня запчасти; Кирюшкинс; Шахист,https://polemicagame.com/match/535203,
535204,2026-03-15 00:00:00,match,1,14,3.0,Dmitry_st,1,71172,Секрет-,2,Саня запчасти; Секрет,Рэндом; Doc.; Орочимару; KAA; Скажет; саня запчасти; Секрет-; Шахист; Nevesta; Talisman,https://polemicagame.com/match/535204,
535205,2026-03-15 00:00:00,match,2,14,3.0,Лисa,0,74136,Сложный,3,Вега; Фырчик; Д. Колбасенко,Stereo; Сложный; Вега; г-н Sema; Фырчик; Juls; Данил_Колбасенко; Demi; Плюшка); Феномен,https://polemicagame.com/match/535205,
535206,2026-03-15 00:00:00,match,3,14,3.0,Mышьяк,0,4807,Ллирик,3,Ластхиро; Story; Марипоса,Ластхиро; Story; Размен; Ллирик; Baj0ra; Марипоса; WELSH; Лекc; sokl; JTH,https://polemicagame.com/match/535206,
535207,2026-03-15 00:00:00,match,4,14,3.0,Любезный,1,1306,chaffy,2,ФДМ; Аномалия,chaffy; Homych; Доктор_Ливси; Hartmann; Anомалия; ФДМ; StronGlav; Оладуш; fey; Айра.,https://polemicagame.com/match/535207,
535208,2026-03-15 00:00:00,match,,,,Музыка),1,3229,Белладонна,5,Алёна; avomarika; Кармин; Axeon; Белладонна,avomarika; отче; Кармин; pevoon; Белладонна; Кирюшкинс; Urusta; BELLEVIL; Axeon; Alena78,https://polemicagame.com/match/535208,
535209,2026-03-15 01:00:00,match,1,15,3.0,Dmitry_st,1,343,chaffy,3,Ластхиро; Story; Марипоса,Марипоса; Ластхиро; chaffy; Story; Hartmann; Лекc; Орочимару; Рэндом; Кирюшкинс; Доктор_Ливси,https://polemicagame.com/match/535209,
535210,2026-03-15 01:00:00,match,2,15,3.0,Лисa,1,84683,ФДМ,3,ФДМ; Фырчик; Белладонна,sokl; Baj0ra; Белладонна; ФДМ; Juls; fey; StronGlav; Феномен; WELSH; Фырчик,https://polemicagame.com/match/535210,
535211,2026-03-15 01:00:00,match,3,15,3.0,Mышьяк,1,71172,Плюшка),3,avomarika; Кармин; Axeon,KAA; Айра.; Axeon; Кармин; pevoon; avomarika; Плюшка); BELLEVIL; Doc.; Ллирик,https://polemicagame.com/match/535211,
535212,2026-03-15 01:00:00,match,4,15,3.0,Любезный,1,585,Скажет,3,Саня запчасти; Вега; Д. Колбасенко,Шахист; JTH; Nevesta; саня запчасти; г-н Sema; Оладуш; Скажет; Данил_Колбасенко; Stereo; Вега,https://polemicagame.com/match/535212,
535213,2026-03-15 01:00:00,match,5,15,3.0,Музыка),1,73568,Homych,3,Алёна; Секрет; Аномалия,Homych; Anомалия; Demi; Сложный; Размен; Urusta; Alena78; Секрет-; отче; Talisman,https://polemicagame.com/match/535213,
535214,2026-03-15 02:00:00,match,1,16,3.0,Dmitry_st,1,596,Кармин,2,Кармин; Axeon,Baj0ra; Urusta; Феномен; Кирюшкинс; Talisman; Кармин; Сложный; Axeon; KAA; Hartmann,https://polemicagame.com/match/535214,
535215,2026-03-15 02:00:00,match,2,16,3.0,Лисa,1,585,pevoon,4,Story; Вега; Фырчик; Секрет,chaffy; Фырчик; Doc.; Секрет-; Story; Demi; Рэндом; Шахист; Вега; pevoon,https://polemicagame.com/match/535215,
535216,2026-03-15 02:00:00,match,3,16,3.0,Mышьяк,1,101765,отче,2,Аномалия; Марипоса,Айра.; г-н Sema; Anомалия; Марипоса; Nevesta; Орочимару; Скажет; JTH; отче; WELSH,https://polemicagame.com/match/535216,
535217,2026-03-15 02:00:00,match,4,16,3.0,Любезный,1,84683,Доктор_Ливси,6,Ластхиро; ФДМ; Саня запчасти; avomarika; Белладонна; Д. Колбасенко,Данил_Колбасенко; Ластхиро; avomarika; Доктор_Ливси; Лекc; ФДМ; Белладонна; sokl; саня запчасти; StronGlav,https://polemicagame.com/match/535217,
535218,2026-03-15 02:00:00,match,5,16,3.0,Музыка),1,60797,Размен,1,Алёна,fey; Ллирик; Alena78; Размен; Плюшка); Juls; Оладуш; BELLEVIL; Homych; Stereo,https://polemicagame.com/match/535218,
536246,2026-03-15 16:07:10,match,2,13,3.0,Лисa,0,48788,Talisman,4,ФДМ; Story; Axeon; Белладонна,Axeon; Nevesta; Talisman; Айра.; ФДМ; Рэндом; Оладуш; Story; Белладонна; Baj0ra,https://polemicagame.com/match/536246,
536250,2026-03-15 16:07:47,match,1,13,3.0,Dmitry_st,0,3229,Размен,5,Ластхиро; avomarika; Фырчик; Аномалия; Марипоса,avomarika; Фырчик; Размен; Марипоса; Ластхиро; pevoon; Anомалия; Hartmann; Плюшка); Скажет,https://polemicagame.com/match/536250,
541233,2026-03-24 10:00:00,match,1,1,3.0,Пиджак,1,70253,MikoChu,4,Фартушная; Алёна; Macarena; Секрет,MikoChu; Alena78; paster; sokl; Орочимару; Macarena; Kaiser; Фартушная; shlyuba; Секрет-,https://polemicagame.com/match/541233,
541234,2026-03-24 11:00:00,match,1,2,3.0,Пиджак,1,71483,Фартушная,4,Фартушная; Алёна; Macarena; Секрет,sokl; MikoChu; paster; Alena78; Орочимару; Секрет-; Фартушная; Kaiser; shlyuba; Macarena,https://polemicagame.com/match/541234,
541235,2026-03-24 12:00:00,match,1,3,3.0,Пиджак,0,1302,Фартушная,4,Фартушная; Алёна; Macarena; Секрет,sokl; shlyuba; Орочимару; Kaiser; Alena78; Macarena; paster; Секрет-; MikoChu; Фартушная,https://polemicagame.com/match/541235,
541236,2026-03-24 13:00:00,match,1,4,3.0,Пиджак,1,35960,Macarena,4,Фартушная; Алёна; Macarena; Секрет,sokl; Орочимару; paster; Фартушная; shlyuba; Секрет-; Alena78; MikoChu; Macarena; Kaiser,https://polemicagame.com/match/541236,
543201,2026-03-27 10:00:00,match,1,1,3.0,Пиджак,1,76145,Мила Дон,4,Story; Кармин; Вега; Elric,Лекc; Story; Elric; Iven; StronGlav; WELSH; Мила Дон; Вега; Stereo; Кармин,https://polemicagame.com/match/543201,
543202,2026-03-27 11:00:00,match,1,2,3.0,Пиджак,1,74059,Story,4,Story; Кармин; Вега; Elric,Мила Дон; Вега; Кармин; Iven; Elric; Story; Stereo; Лекc; WELSH; StronGlav,https://polemicagame.com/match/543202,
543203,2026-03-27 12:00:00,match,1,3,3.0,Пиджак,1,59762,Кармин,4,Story; Кармин; Вега; Elric,Iven; Мила Дон; Story; Elric; StronGlav; Вега; Кармин; WELSH; Stereo; Лекc,https://polemicagame.com/match/543203,
543204,2026-03-27 13:00:00,match,1,4,3.0,Пиджак,1,115066,Кармин,4,Story; Кармин; Вега; Elric,Elric; Story; Лекc; Мила Дон; Stereo; StronGlav; Iven; Вега; Кармин; WELSH,https://polemicagame.com/match/543204,
544296,2026-03-29 10:00:00,match,1,5,3.0,Пиджак,1,74059,Данил_Колбасенко,1,Д. Колбасенко,Данил_Колбасенко; Krupliz; WELSH; Stereo; Плюшка); Aufstralia; Яблоко; Мёдоед; Инкогнито; Маэстро СПб,https://polemicagame.com/match/544296,
544297,2026-03-29 11:00:00,match,1,6,3.0,Пиджак,0,71721,Плюшка),1,Д. Колбасенко,WELSH; Инкогнито; Krupliz; Плюшка); Stereo; Мёдоед; Маэстро СПб; Яблоко; Aufstralia; Данил_Колбасенко,https://polemicagame.com/match/544297,
544298,2026-03-29 12:00:00,match,1,7,3.0,Пиджак,0,18211,Мёдоед,1,Д. Колбасенко,Инкогнито; Маэстро СПб; Krupliz; Данил_Колбасенко; Плюшка); Яблоко; Stereo; Aufstralia; WELSH; Мёдоед,https://polemicagame.com/match/544298,
544299,2026-03-29 13:00:00,match,1,8,3.0,Пиджак,1,76145,Stereo,1,Д. Колбасенко,WELSH; Stereo; Плюшка); Мёдоед; Яблоко; Маэстро СПб; Данил_Колбасенко; Инкогнито; Aufstralia; Krupliz,https://polemicagame.com/match/544299,
545079,2026-03-29 13:00:00,match,1,9,3.0,Juls,1,1249,Aufstralia,2,Axeon; Д. Колбасенко,Яблоко; Axeon; Slam; Маэстро СПб; Мила Дон; Aufstralia; Country; Данил_Колбасенко; Lost Sky; Мёдоед,https://polemicagame.com/match/545079,
545080,2026-03-29 14:00:00,match,1,10,3.0,Juls,0,1305,Маэстро СПб,2,Axeon; Д. Колбасенко,Данил_Колбасенко; Lost Sky; Axeon; Aufstralia; Маэстро СПб; Мила Дон; Яблоко; Country; Мёдоед; Slam,https://polemicagame.com/match/545080,
545081,2026-03-29 15:00:00,match,1,11,3.0,Juls,0,88133,Мила Дон,2,Axeon; Д. Колбасенко,Мила Дон; Яблоко; Axeon; Маэстро СПб; Мёдоед; Aufstralia; Данил_Колбасенко; Slam; Lost Sky; Country,https://polemicagame.com/match/545081,
545082,2026-03-29 16:00:00,match,1,12,3.0,Juls,0,76996,Мёдоед,2,Axeon; Д. Колбасенко,Мёдоед; Яблоко; Мила Дон; Axeon; Данил_Колбасенко; Country; Маэстро СПб; Slam; Lost Sky; Aufstralia,https://polemicagame.com/match/545082,
546154,2026-03-31 19:00:00,match,1,5,3.0,azalea,0,1035,Флаффи,2,Алёна; Марипоса,Ллирик; Айра.; Alena78; Кирюшкинс; Флаффи; Вальхалла; MikoChu; Воробушек; paster; Марипоса,https://polemicagame.com/match/546154,
546155,2026-03-31 20:00:00,match,1,6,3.0,azalea,0,101765,Айра.,2,Алёна; Марипоса,Вальхалла; Воробушек; Кирюшкинс; Айра.; Ллирик; Флаффи; paster; Alena78; MikoChu; Марипоса,https://polemicagame.com/match/546155,
546156,2026-03-31 21:00:00,match,1,7,3.0,azalea,1,1035,Айра.,2,Алёна; Марипоса,Марипоса; MikoChu; Айра.; Вальхалла; Alena78; Ллирик; Кирюшкинс; Флаффи; Воробушек; paster,https://polemicagame.com/match/546156,
546157,2026-03-31 22:00:00,match,1,8,3.0,azalea,1,128592,Айра.,2,Алёна; Марипоса,Флаффи; Кирюшкинс; Вальхалла; Воробушек; Айра.; Ллирик; Марипоса; MikoChu; Alena78; paster,https://polemicagame.com/match/546157,
546855,2026-04-02 19:00:00,match,1,1,3.0,Anомалия,0,76996,Lost Sky,3,Саня запчасти; Кармин; Секрет,саня запчасти; Lost Sky; Улица Фрунзе; pochemyyazdes; Секрет-; ППК; Witgen; Кармин; Чеба; Leap,https://polemicagame.com/match/546855,
546856,2026-04-02 20:00:00,match,1,2,3.0,Anомалия,0,88154,Секрет-,3,Саня запчасти; Кармин; Секрет,Секрет-; Улица Фрунзе; Lost Sky; Чеба; Witgen; Leap; pochemyyazdes; саня запчасти; Кармин; ППК,https://polemicagame.com/match/546856,
546857,2026-04-02 21:00:00,match,1,3,3.0,Anомалия,0,124298,ППК,3,Саня запчасти; Кармин; Секрет,ППК; Кармин; Чеба; Lost Sky; Leap; саня запчасти; Witgen; Секрет-; pochemyyazdes; Улица Фрунзе,https://polemicagame.com/match/546857,
546858,2026-04-02 22:00:00,match,1,4,3.0,Anомалия,0,103082,Чеба,3,Саня запчасти; Кармин; Секрет,Lost Sky; Leap; саня запчасти; Чеба; ППК; Улица Фрунзе; Witgen; Кармин; pochemyyazdes; Секрет-,https://polemicagame.com/match/546858,
546859,2026-04-02 23:00:00,match,1,5,3.0,Anомалия,0,76996,Кармин,3,Саня запчасти; Кармин; Секрет,Чеба; ППК; Кармин; pochemyyazdes; Witgen; Секрет-; Lost Sky; Leap; Улица Фрунзе; саня запчасти,https://polemicagame.com/match/546859,
547475,2026-04-03 10:00:00,match,1,13,3.0,Пиджак,0,70666,Вега,2,Вега; Фырчик,Demi; Вега; Рус; Urusta; Hartmann; Iven; Country; Рэндом; Фырчик; Nevesta,https://polemicagame.com/match/547475,
547476,2026-04-03 11:00:00,match,1,14,3.0,Пиджак,1,74136,Demi,2,Вега; Фырчик,Urusta; Рэндом; Iven; Hartmann; Demi; Рус; Country; Nevesta; Фырчик; Вега,https://polemicagame.com/match/547476,
547477,2026-04-03 12:00:00,match,1,15,3.0,Пиджак,1,17360,Country,2,Вега; Фырчик,Nevesta; Iven; Рус; Рэндом; Demi; Urusta; Фырчик; Country; Вега; Hartmann,https://polemicagame.com/match/547477,
547478,2026-04-03 13:00:00,match,1,16,3.0,Пиджак,1,64731,Urusta,2,Вега; Фырчик,Iven; Hartmann; Urusta; Country; Фырчик; Вега; Рус; Рэндом; Nevesta; Demi,https://polemicagame.com/match/547478,
549245,2026-04-05 17:49:01,match,1,9,3.0,azalea,0,36696,pevoon,2,Фартушная; Секрет,Фартушная; sokl; Saint-P; Том; Айра.; Рокса; pevoon; Секрет-; Kaiser; Орочимару,https://polemicagame.com/match/549245,
549188,2026-04-06 16:00:00,match,1,10,3.0,azalea,0,3229,Kaiser,2,Фартушная; Секрет,Секрет-; Saint-P; Фартушная; sokl; Рокса; Айра.; Kaiser; Том; Орочимару; pevoon,https://polemicagame.com/match/549188,
549189,2026-04-06 17:00:00,match,1,11,3.0,azalea,1,396,Рокса,2,Фартушная; Секрет,sokl; pevoon; Saint-P; Айра.; Орочимару; Секрет-; Рокса; Kaiser; Фартушная; Том,https://polemicagame.com/match/549189,
549190,2026-04-06 18:00:00,match,1,12,3.0,azalea,0,36696,Рокса,2,Фартушная; Секрет,pevoon; Том; sokl; Рокса; Фартушная; Айра.; Секрет-; Saint-P; Орочимару; Kaiser,https://polemicagame.com/match/549190,
549191,2026-04-06 19:00:00,match,1,13,3.0,azalea,1,1302,sokl,3,Фартушная; Секрет; Марипоса,Орочимару; Фартушная; Марипоса; Том; Айра.; sokl; Секрет-; Рокса; pevoon; Kaiser,https://polemicagame.com/match/549191,
549192,2026-04-06 20:00:00,match,1,14,3.0,azalea,1,3229,Секрет-,3,Фартушная; Секрет; Марипоса,Рокса; Том; Секрет-; sokl; Фартушная; Kaiser; Орочимару; Айра.; pevoon; Марипоса,https://polemicagame.com/match/549192,
549193,2026-04-06 21:00:00,match,1,15,3.0,azalea,0,36696,Айра.,3,Фартушная; Секрет; Марипоса,Айра.; Фартушная; Секрет-; Орочимару; sokl; Рокса; Марипоса; Kaiser; pevoon; Том,https://polemicagame.com/match/549193,
549194,2026-04-06 22:00:00,match,1,16,3.0,azalea,0,1302,Марипоса,3,Фартушная; Секрет; Марипоса,sokl; Фартушная; Марипоса; Секрет-; Рокса; Том; Айра.; pevoon; Kaiser; Орочимару,https://polemicagame.com/match/549194,
549636,2026-04-07 10:00:00,match,1,17,3.0,Пиджак,0,71172,avomarika,2,Ластхиро; avomarika,Victor; Доктор_Ливси; avomarika; Сложный; Ластхиро; Вальхалла; shlyuba; Kaiser; paster; Doc.,https://polemicagame.com/match/549636,
549637,2026-04-07 11:00:00,match,1,18,3.0,Пиджак,0,431,Doc.,2,Ластхиро; avomarika,Doc.; Ластхиро; shlyuba; Сложный; Kaiser; Доктор_Ливси; paster; Вальхалла; Victor; avomarika,https://polemicagame.com/match/549637,
549638,2026-04-07 12:00:00,match,1,19,3.0,Пиджак,1,71172,shlyuba,2,Ластхиро; avomarika,Kaiser; Вальхалла; avomarika; Ластхиро; paster; shlyuba; Сложный; Доктор_Ливси; Doc.; Victor,https://polemicagame.com/match/549638,
549639,2026-04-07 13:00:00,match,1,20,3.0,Пиджак,1,4279,Доктор_Ливси,2,Ластхиро; avomarika,avomarika; Doc.; Вальхалла; Ластхиро; Доктор_Ливси; Kaiser; Victor; shlyuba; paster; Сложный,https://polemicagame.com/match/549639,
550137,2026-04-07 18:59:39,match,1,21,3.0,Пиджак,0,109188,Lost Sky,2,Кармин; Фырчик,Яблоко; Кармин; Lost Sky; Slam; Hartmann; Инкогнито; *Ведьма*; Urusta; Фырчик; Healer,https://polemicagame.com/match/550137,
550191,2026-04-07 20:12:41,match,1,22,3.0,Пиджак,0,70666,Slam,2,Кармин; Фырчик,Slam; Urusta; Lost Sky; Кармин; Hartmann; Healer; Яблоко; *Ведьма*; Фырчик; Инкогнито,https://polemicagame.com/match/550191,
550342,2026-04-07 22:09:39,match,1,23,3.0,Пиджак,0,64731,Slam,2,Кармин; Фырчик,Slam; *Ведьма*; Инкогнито; Lost Sky; Фырчик; Urusta; Яблоко; Healer; Hartmann; Кармин,https://polemicagame.com/match/550342,
550362,2026-04-07 22:18:11,match,1,24,3.0,Пиджак,1,109188,*Ведьма*,2,Кармин; Фырчик,Инкогнито; *Ведьма*; Фырчик; Slam; Healer; Кармин; Urusta; Яблоко; Lost Sky; Hartmann,https://polemicagame.com/match/550362,
550721,2026-04-08 14:08:41,match,2,1,3.0,Dmitry_st,1,[],Госпожа Julie,1,Фырчик,Rikso; Сан-Франциско; Маэстро СПб; SkOrPionsha_; Лекc; Enigma_Spb; Фырчик; ЧехонтЭ; Куртка Бейн; Госпожа Julie,https://polemicagame.com/match/550721,
550723,2026-04-08 14:10:24,match,2,2,3.0,Dmitry_st,1,[],Маэстро СПб,1,Фырчик,SkOrPionsha_; Куртка Бейн; ЧехонтЭ; Rikso; Госпожа Julie; Сан-Франциско; Маэстро СПб; Enigma_Spb; Лекc; Фырчик,https://polemicagame.com/match/550723,
550725,2026-04-08 14:12:12,match,2,3,3.0,Dmitry_st,1,[],Лекc,1,Фырчик,Маэстро СПб; Куртка Бейн; SkOrPionsha_; Rikso; Фырчик; Лекc; Госпожа Julie; Сан-Франциско; Enigma_Spb; ЧехонтЭ,https://polemicagame.com/match/550725,
550726,2026-04-08 14:14:09,match,2,4,3.0,Dmitry_st,0,[],Rikso,1,Фырчик,SkOrPionsha_; Фырчик; Куртка Бейн; ЧехонтЭ; Лекc; Сан-Франциско; Rikso; Enigma_Spb; Госпожа Julie; Маэстро СПб,https://polemicagame.com/match/550726,
550676,2026-04-08 19:00:00,match,1,1,3.0,Dmitry_st,1,51380,Rikso,1,Фырчик,Rikso; Сан-Франциско; Маэстро СПб; SkOrPionsha_; Лекc; Enigma_Spb; Фырчик; ЧехонтЭ; Куртка Бейн; Госпожа Julie,https://polemicagame.com/match/550676,
550677,2026-04-08 20:00:00,match,1,2,3.0,Dmitry_st,1,68136,Маэстро СПб,1,Фырчик,SkOrPionsha_; Куртка Бейн; ЧехонтЭ; Rikso; Госпожа Julie; Сан-Франциско; Маэстро СПб; Enigma_Spb; Лекc; Фырчик,https://polemicagame.com/match/550677,
550678,2026-04-08 21:00:00,match,1,3,3.0,Dmitry_st,1,79731,Лекc,1,Фырчик,Маэстро СПб; Куртка Бейн; SkOrPionsha_; Rikso; Фырчик; Лекc; Госпожа Julie; Сан-Франциско; Enigma_Spb; ЧехонтЭ,https://polemicagame.com/match/550678,
550679,2026-04-08 22:00:00,match,1,4,3.0,Dmitry_st,0,143339,Rikso,1,Фырчик,SkOrPionsha_; Фырчик; Куртка Бейн; ЧехонтЭ; Лекc; Сан-Франциско; Rikso; Enigma_Spb; Госпожа Julie; Маэстро СПб,https://polemicagame.com/match/550679,
551303,2026-04-10 10:00:00,match,1,25,3.0,Пиджак,0,86129,Рус,2,Story; Лиса,Плюшка); Рус; Лисa; Iven; Story; XXX Istrebitel mafii; Мила Дон; Krupliz; Маэстро СПб; Urusta,https://polemicagame.com/match/551303,
551304,2026-04-10 11:00:00,match,1,26,3.0,Пиджак,1,76044,Urusta,2,Story; Лиса,XXX Istrebitel mafii; Плюшка); Krupliz; Iven; Маэстро СПб; Рус; Мила Дон; Story; Urusta; Лисa,https://polemicagame.com/match/551304,
551305,2026-04-10 12:00:00,match,1,27,3.0,Пиджак,1,76044,Urusta,2,Story; Лиса,Маэстро СПб; Лисa; Urusta; Krupliz; Story; XXX Istrebitel mafii; Плюшка); Рус; Iven; Мила Дон,https://polemicagame.com/match/551305,
551306,2026-04-10 13:00:00,match,1,28,3.0,Пиджак,1,84958,Рус,2,Story; Лиса,Story; Маэстро СПб; Urusta; Krupliz; Мила Дон; Рус; Плюшка); XXX Istrebitel mafii; Iven; Лисa,https://polemicagame.com/match/551306,
554670,2026-04-14 20:50:38,match,1,22,3.0,azalea,1,431,Вальхалла,1,Алёна,Флаффи; Кирюшкинс; Воробушек; Victor; Вальхалла; paster; Alena78; Доктор_Ливси; MikoChu; shlyuba,https://polemicagame.com/match/554670,
555134,2026-04-15 18:13:14,match,1,38,3.0,Птыц.,1,129301,OranJ,1,Кармин,Филологz; sokl; Генрих; OranJ; Кармин; Мелисса); XXX Istrebitel mafii; Арей; падла эскобар,https://polemicagame.com/match/555134,
554585,2026-04-15 19:00:00,match,1,21,3.0,azalea,1,431,Флаффи,1,Алёна,Кирюшкинс; Victor; shlyuba; paster; Alena78; Доктор_Ливси; Флаффи; Вальхалла; Воробушек; MikoChu,https://polemicagame.com/match/554585,
555205,2026-04-15 19:46:36,match,1,40,3.0,Птыц.,1,86626,падла эскобар,1,Кармин,Коба1; падла эскобар; Accord; Буксир; Кармин; Scarlett La Feritа; Vitek Solo; Hyodoru; XXX Istrebitel mafii,https://polemicagame.com/match/555205,
554587,2026-04-15 21:00:00,match,1,23,3.0,azalea,1,4279,Доктор_Ливси,1,Алёна,Воробушек; Флаффи; Вальхалла; Alena78; Victor; shlyuba; MikoChu; Кирюшкинс; Доктор_Ливси; paster,https://polemicagame.com/match/554587,
554588,2026-04-15 22:00:00,match,1,24,3.0,azalea,1,1035,MikoChu,1,Алёна,Кирюшкинс; Флаффи; Вальхалла; Доктор_Ливси; Victor; shlyuba; MikoChu; Alena78; paster; Воробушек,https://polemicagame.com/match/554588,
555817,2026-04-17 10:00:00,match,1,1,3.0,StronGlav,0,98224,Anомалия,3,Story; Фырчик; Аномалия,Story; StronGlav; Anомалия; Анемона; Чеба; Фырчик; Любитель Чиназеса; Макгонагалл; Kust00; ITEM,https://polemicagame.com/match/555817,
555818,2026-04-17 11:00:00,match,1,2,3.0,StronGlav,1,60904,Kust00,3,Story; Фырчик; Аномалия,Любитель Чиназеса; StronGlav; ITEM; Story; Anомалия; Чеба; Kust00; Макгонагалл; Анемона; Фырчик,https://polemicagame.com/match/555818,
555819,2026-04-17 12:00:00,match,1,3,3.0,StronGlav,0,86538,Kust00,3,Story; Фырчик; Аномалия,Фырчик; Макгонагалл; Anомалия; Анемона; Kust00; Любитель Чиназеса; ITEM; StronGlav; Story; Чеба,https://polemicagame.com/match/555819,
555820,2026-04-17 13:00:00,match,1,4,3.0,StronGlav,0,105520,Фырчик,3,Story; Фырчик; Аномалия,Фырчик; Story; Anомалия; Kust00; Макгонагалл; Анемона; StronGlav; ITEM; Любитель Чиназеса; Чеба,https://polemicagame.com/match/555820,
556812,2026-04-19 10:00:00,match,1,25,3.0,azalea,1,3229,Кирюшкинс,1,Марипоса,pevoon; Доктор_Ливси; Марипоса; Кирюшкинс; Juls; Saint-P; Том; Размен; Ллирик; Орочимару,https://polemicagame.com/match/556812,
556813,2026-04-19 11:00:00,match,1,26,3.0,azalea,0,60797,Juls,1,Марипоса,Juls; Орочимару; Ллирик; Размен; Кирюшкинс; Марипоса; Доктор_Ливси; pevoon; Том; Saint-P,https://polemicagame.com/match/556813,
556814,2026-04-19 12:00:00,match,1,27,3.0,azalea,1,396,Кирюшкинс,1,Марипоса,Марипоса; Том; Орочимару; Кирюшкинс; Доктор_Ливси; Размен; pevoon; Ллирик; Saint-P; Juls,https://polemicagame.com/match/556814,
557397,2026-04-19 12:00:00,match,1,1,3.0,Dmitry_st,1,92089,SheyWost,1,Elric,Elric; Лекc; Оладуш; комик; Госпожа Julie; SheyWost; Talisman; Куртка Бейн; Enigma_Spb; Stereo,https://polemicagame.com/match/557397,
556815,2026-04-19 13:00:00,match,1,28,3.0,azalea,1,36696,Марипоса,1,Марипоса,Ллирик; pevoon; Juls; Размен; Том; Марипоса; Доктор_Ливси; Saint-P; Орочимару; Кирюшкинс,https://polemicagame.com/match/556815,
557398,2026-04-19 13:00:00,match,1,2,3.0,Dmitry_st,1,74059,Elric,1,Elric,Elric; Госпожа Julie; Enigma_Spb; Куртка Бейн; Talisman; Stereo; Оладуш; Лекc; комик; SheyWost,https://polemicagame.com/match/557398,
557474,2026-04-19 13:06:17,match,3,1,3.0,Dmitry_st,1,[],SheyWost,1,Elric,Elric; Лекc; Оладуш; комик; Госпожа Julie; SheyWost; Talisman; Куртка Бейн; Enigma_Spb; Stereo,https://polemicagame.com/match/557474,
557399,2026-04-19 14:00:00,match,1,3,3.0,Dmitry_st,0,128567,Elric,1,Elric,Госпожа Julie; Лекc; Elric; комик; Talisman; Enigma_Spb; SheyWost; Stereo; Оладуш; Куртка Бейн,https://polemicagame.com/match/557399,
557501,2026-04-19 14:03:11,match,3,2,3.0,Dmitry_st,1,[],Elric,1,Elric,Elric; Госпожа Julie; Enigma_Spb; Куртка Бейн; Talisman; Stereo; Оладуш; Лекc; комик; SheyWost,https://polemicagame.com/match/557501,
557400,2026-04-19 15:00:00,match,1,4,3.0,Dmitry_st,1,74059,Госпожа Julie,1,Elric,Госпожа Julie; Talisman; Enigma_Spb; комик; Лекc; SheyWost; Elric; Куртка Бейн; Stereo; Оладуш,https://polemicagame.com/match/557400,
557529,2026-04-19 15:15:41,match,3,3,3.0,Dmitry_st,0,[],Оладуш,1,Elric,Госпожа Julie; Лекc; Elric; комик; Talisman; Enigma_Spb; SheyWost; Stereo; Оладуш; Куртка Бейн,https://polemicagame.com/match/557529,
557551,2026-04-19 16:09:52,match,3,4,3.0,Dmitry_st,1,[],Лекc,1,Elric,Госпожа Julie; Talisman; Enigma_Spb; комик; Лекc; SheyWost; Elric; Куртка Бейн; Stereo; Оладуш,https://polemicagame.com/match/557551,
556953,2026-04-19 18:00:00,match,1,1,3.0,Juls,1,1035,Valentino,2,ФДМ; Марипоса,Марипоса; Орочимару; Воробушек; Чеба; KAE; JTH; Кирюшкинс; Ллирик; ФДМ; Valentino,https://polemicagame.com/match/556953,
556954,2026-04-19 19:00:00,match,1,2,3.0,Juls,0,90009,Чеба,2,ФДМ; Марипоса,ФДМ; Кирюшкинс; Чеба; KAE; Ллирик; Valentino; Марипоса; Воробушек; JTH; Орочимару,https://polemicagame.com/match/556954,
556955,2026-04-19 20:00:00,match,1,3,3.0,Juls,1,60797,Чеба,2,ФДМ; Марипоса,Ллирик; ФДМ; Чеба; Воробушек; Орочимару; Valentino; Марипоса; JTH; KAE; Кирюшкинс,https://polemicagame.com/match/556955,
556956,2026-04-19 21:00:00,match,1,4,3.0,Juls,1,71483,ФДМ,2,ФДМ; Марипоса,KAE; Орочимару; Кирюшкинс; ФДМ; Марипоса; Чеба; Valentino; Воробушек; JTH; Ллирик,https://polemicagame.com/match/556956,
556957,2026-04-19 22:00:00,match,1,5,3.0,Juls,0,1306,ФДМ,2,ФДМ; Марипоса,Орочимару; ФДМ; JTH; Воробушек; Ллирик; Valentino; KAE; Чеба; Кирюшкинс; Марипоса,https://polemicagame.com/match/556957,
556958,2026-04-19 23:00:00,match,1,6,3.0,Juls,0,71483,ФДМ,2,ФДМ; Марипоса,Чеба; Кирюшкинс; KAE; Орочимару; ФДМ; Воробушек; Valentino; JTH; Ллирик; Марипоса,https://polemicagame.com/match/556958,
557449,2026-04-20 10:00:00,match,1,33,3.0,Пиджак,1,59762,Irukan,2,Story; Axeon,azalea; Irukan; Рэндом; любитель мам; Healer; StronGlav; MadCat; Story; Axeon; Beltsky,https://polemicagame.com/match/557449,
557450,2026-04-20 11:00:00,match,1,34,3.0,Пиджак,0,60904,Axeon,2,Story; Axeon,любитель мам; Axeon; Healer; StronGlav; Irukan; Beltsky; Рэндом; Story; azalea; MadCat,https://polemicagame.com/match/557450,
557451,2026-04-20 12:00:00,match,1,35,3.0,Пиджак,1,81057,MadCat,2,Story; Axeon,любитель мам; Irukan; StronGlav; Beltsky; Рэндом; MadCat; azalea; Healer; Story; Axeon,https://polemicagame.com/match/557451,
557452,2026-04-20 13:00:00,match,1,36,3.0,Пиджак,1,54555,Рэндом,2,Story; Axeon,Рэндом; Irukan; MadCat; StronGlav; Healer; azalea; Story; любитель мам; Beltsky; Axeon,https://polemicagame.com/match/557452,
558241,2026-04-21 10:00:00,match,1,29,3.0,azalea,1,343,sokl,2,Ластхиро; Белладонна,paster; sokl; Белладонна; Kaiser; MikoChu; Ластхиро; Флаффи; Doc.; shlyuba; Доктор_Ливси,https://polemicagame.com/match/558241,
558242,2026-04-21 11:00:00,match,1,30,3.0,azalea,1,35960,Kaiser,2,Ластхиро; Белладонна,Белладонна; sokl; shlyuba; paster; Kaiser; Доктор_Ливси; Ластхиро; MikoChu; Doc.; Флаффи,https://polemicagame.com/match/558242,
558243,2026-04-21 12:00:00,match,1,31,3.0,azalea,1,71172,Kaiser,2,Ластхиро; Белладонна,Ластхиро; Доктор_Ливси; paster; Kaiser; Doc.; Белладонна; shlyuba; MikoChu; Флаффи; sokl,https://polemicagame.com/match/558243,
558244,2026-04-21 13:00:00,match,1,32,3.0,azalea,1,84683,paster,2,Ластхиро; Белладонна,Kaiser; MikoChu; shlyuba; sokl; Флаффи; paster; Ластхиро; Доктор_Ливси; Белладонна; Doc.,https://polemicagame.com/match/558244,
558829,2026-04-22 10:00:00,match,1,37,3.0,Пиджак,0,78547,Irukan,4,Фырчик; Axeon; Д. Колбасенко; Elric,XXX Istrebitel mafii; Irukan; *Ведьма*; Фырчик; Elric; Данил_Колбасенко; Lost Sky; Axeon; любитель мам; Demi,https://polemicagame.com/match/558829,
558830,2026-04-22 11:00:00,match,1,38,3.0,Пиджак,1,80225,Irukan,4,Фырчик; Axeon; Д. Колбасенко; Elric,Elric; Demi; Фырчик; Lost Sky; любитель мам; XXX Istrebitel mafii; Axeon; Данил_Колбасенко; Irukan; *Ведьма*,https://polemicagame.com/match/558830,
558831,2026-04-22 12:00:00,match,1,39,3.0,Пиджак,1,88950,Lost Sky,4,Фырчик; Axeon; Д. Колбасенко; Elric,любитель мам; Lost Sky; Elric; Demi; XXX Istrebitel mafii; Фырчик; *Ведьма*; Данил_Колбасенко; Irukan; Axeon,https://polemicagame.com/match/558831,
558832,2026-04-22 13:00:00,match,1,40,3.0,Пиджак,1,76935,Irukan,4,Фырчик; Axeon; Д. Колбасенко; Elric,Demi; Фырчик; Данил_Колбасенко; *Ведьма*; любитель мам; Elric; Irukan; Lost Sky; Axeon; XXX Istrebitel mafii,https://polemicagame.com/match/558832,
559877,2026-04-22 15:08:46,match,1,5,3.0,Dmitry_st,1,51380,Rikso,1,Фырчик,Rikso; Сан-Франциско; Маэстро СПб; SkOrPionsha_; Лекc; Enigma_Spb; Фырчик; ЧехонтЭ; Куртка Бейн; Госпожа Julie,https://polemicagame.com/match/559877,
559880,2026-04-22 15:12:48,match,1,6,3.0,Dmitry_st,1,68136,Маэстро СПб,1,Фырчик,SkOrPionsha_; Куртка Бейн; ЧехонтЭ; Rikso; Госпожа Julie; Сан-Франциско; Маэстро СПб; Enigma_Spb; Лекc; Фырчик,https://polemicagame.com/match/559880,
559881,2026-04-22 15:15:33,match,1,7,3.0,Dmitry_st,1,79731,Лекc,1,Фырчик,Маэстро СПб; Куртка Бейн; SkOrPionsha_; Rikso; Фырчик; Лекc; Госпожа Julie; Сан-Франциско; Enigma_Spb; ЧехонтЭ,https://polemicagame.com/match/559881,
559882,2026-04-22 15:19:10,match,1,8,3.0,Dmitry_st,0,143339,Rikso,1,Фырчик,SkOrPionsha_; Фырчик; Куртка Бейн; ЧехонтЭ; Лекc; Сан-Франциско; Rikso; Enigma_Spb; Госпожа Julie; Маэстро СПб,https://polemicagame.com/match/559882,
559894,2026-04-22 15:41:45,match,3,5,3.0,Dmitry_st,1,[],Rikso,1,Фырчик,Rikso; Сан-Франциско; Маэстро СПб; SkOrPionsha_; Лекc; Enigma_Spb; Фырчик; ЧехонтЭ; Куртка Бейн; Госпожа Julie,https://polemicagame.com/match/559894,
559898,2026-04-22 15:47:11,match,3,6,3.0,Dmitry_st,1,[],Маэстро СПб,1,Фырчик,SkOrPionsha_; Куртка Бейн; ЧехонтЭ; Rikso; Госпожа Julie; Сан-Франциско; Маэстро СПб; Enigma_Spb; Лекc; Фырчик,https://polemicagame.com/match/559898,
559900,2026-04-22 15:52:14,match,3,7,3.0,Dmitry_st,1,[],Лекc,1,Фырчик,Маэстро СПб; Куртка Бейн; SkOrPionsha_; Rikso; Фырчик; Лекc; Госпожа Julie; Сан-Франциско; Enigma_Spb; ЧехонтЭ,https://polemicagame.com/match/559900,
559906,2026-04-22 15:56:39,match,3,8,3.0,Dmitry_st,0,[],Rikso,1,Фырчик,SkOrPionsha_; Фырчик; Куртка Бейн; ЧехонтЭ; Лекc; Сан-Франциско; Rikso; Enigma_Spb; Госпожа Julie; Маэстро СПб,https://polemicagame.com/match/559906,
560645,2026-04-24 19:00:00,match,1,41,3.0,Juls,1,35930,Госпожа,1,Лиса,Госпожа; MadCat; Beltsky; StronGlav; Лисa; Рэндом; Mышьяк; *Ведьма*; azalea; Nevesta,https://polemicagame.com/match/560645,
560646,2026-04-24 20:00:00,match,1,42,3.0,Juls,1,86129,*Ведьма*,1,Лиса,*Ведьма*; Mышьяк; azalea; Лисa; Рэндом; Beltsky; Госпожа; Nevesta; StronGlav; MadCat,https://polemicagame.com/match/560646,
560647,2026-04-24 21:00:00,match,1,43,3.0,Juls,0,54555,Лисa,1,Лиса,Beltsky; Лисa; MadCat; Mышьяк; *Ведьма*; Nevesta; Рэндом; azalea; Госпожа; StronGlav,https://polemicagame.com/match/560647,
560648,2026-04-24 22:00:00,match,1,44,3.0,Juls,0,60758,MadCat,1,Лиса,MadCat; Beltsky; StronGlav; Лисa; Рэндом; Nevesta; azalea; Mышьяк; Госпожа; *Ведьма*,https://polemicagame.com/match/560648,
561675,2026-04-25 10:30:00,match,1,1,3.0,Dmitry_st,1,91347,Anомалия,1,Аномалия,ADAМ; Ультра; Anомалия; Особа; Ольга Луи; Шахист; пау пау; Плотный Джонни; Бемби; Ret1w,https://polemicagame.com/match/561675,
561677,2026-04-25 10:30:00,match,3,1,3.0,vendettka♥,1,24590,Troychik,1,Д. Колбасенко,MSR; Кабанус; Troychik; dank0sha; Нюанс; phage; Тихий Закат; Валя Черемшансеь; Данил_Колбасенко; Unicef,https://polemicagame.com/match/561677,
561680,2026-04-25 10:30:00,match,6,1,3.0,Кит Кат,0,11977,Катеринa,1,Алёна,Катеринa; Диспетчер; Парадокс2727; Майкрофт; godmaf//; Doc.; Alena78; Пифагор; Доктор_Ливси; Телепат,https://polemicagame.com/match/561680,
561683,2026-04-25 11:30:00,match,3,2,3.0,vendettka♥,1,20450,Пифагор,1,Д. Колбасенко,Sol invictus; Парадокс2727; Пифагор; Кабанус; Фрунзеㅤ; Данил_Колбасенко; Крокодильчик.; МARS; werty_; Doc.,https://polemicagame.com/match/561683,
561685,2026-04-25 11:30:00,match,5,2,3.0,neeqme,0,146383,Пряник_virtuspro_19,2,Алёна; Аномалия,Пряник_virtuspro_19; Эл.; MSR; EZY BLACK; Катеринa; Anомалия; Борец; Майкрофт; Alena78; Сложный,https://polemicagame.com/match/561685,
561688,2026-04-25 12:30:00,match,2,3,3.0,aveeeee,0,1035,Катеринa,1,Аномалия,Телепат; Anомалия; Endurance; phage; Катеринa; Кабанус; Корифей; Слепой Часовщик; Незабудочная; Воробушек,https://polemicagame.com/match/561688,
561690,2026-04-25 12:30:00,match,4,3,3.0,Shelby31,0,82362,Бемби,1,Д. Колбасенко,Totatuta; Данил_Колбасенко; Бемби; Тихий Закат; Крокодильчик.; Сложный; miklekarp; Диспетчер; Парадокс2727; werty_,https://polemicagame.com/match/561690,
561691,2026-04-25 12:30:00,match,5,3,3.0,neeqme,1,23794,Валя Черемшансеь,1,Алёна,MSR; Sol invictus; Психолог; dank0sha; falcon; Валя Черемшансеь; пау пау; Alena78; Госпожа Моргана; EZY BLACK,https://polemicagame.com/match/561691,
561695,2026-04-25 13:30:00,match,3,4,3.0,vendettka♥,1,946,Психолог,1,Д. Колбасенко,Борец; Валя Черемшансеь; Катеринa; Размен; Психолог; Растишка; 10 КМ; Данил_Колбасенко; feat4ever; Шахист,https://polemicagame.com/match/561695,
561696,2026-04-25 13:30:00,match,4,4,3.0,Shelby31,1,42724,Unicef,2,Алёна; Аномалия,Alena78; Unicef; Anомалия; EZY BLACK; Нюанс; dank0sha; Доктор_Ливси; Слепой Часовщик; falcon; пау пау,https://polemicagame.com/match/561696,
561699,2026-04-25 14:30:00,match,1,5,3.0,Dmitry_st,0,946,Путедьют,2,Д. Колбасенко; Аномалия,Anомалия; Пифагор; Данил_Колбасенко; Валя Черемшансеь; Путедьют; ADAМ; Растишка; Тихий Закат; МARS; Размен,https://polemicagame.com/match/561699,
561702,2026-04-25 14:30:00,match,4,5,3.0,Shelby31,0,68504,Диспетчер,1,Алёна,Фрунзеㅤ; Катеринa; Диспетчер; Kaya; Госпожа Моргана; Майкрофт; Alena78; Unicef; Шахист; falcon,https://polemicagame.com/match/561702,
561705,2026-04-25 15:30:00,match,1,6,3.0,Dmitry_st,0,60826,Размен,1,Д. Колбасенко,Корифей; Данил_Колбасенко; Эл.; Размен; phage; Бемби; пау пау; Troychik; Путедьют; Ольга Луи,https://polemicagame.com/match/561705,
561707,2026-04-25 15:30:00,match,3,6,3.0,vendettka♥,1,1853,Ультра,1,Аномалия,Шахист; MSR; Ультра; Катеринa; Психолог; Оксюморон; EZY BLACK; Anомалия; Kaya; Телепат,https://polemicagame.com/match/561707,
561711,2026-04-25 16:30:00,match,1,7,3.0,Dmitry_st,1,1035,EZY BLACK,2,Д. Колбасенко; Аномалия,10 КМ; Anомалия; dank0sha; Психолог; Особа; miklekarp; EZY BLACK; Борец; Данил_Колбасенко; Воробушек,https://polemicagame.com/match/561711,
561715,2026-04-25 16:30:00,match,5,7,3.0,neeqme,0,111020,Ольга Луи,1,Алёна,werty_; Шахист; аlo; Бемби; Ольга Луи; Totatuta; Alena78; Kaya; feat4ever; Незабудочная,https://polemicagame.com/match/561715,
561720,2026-04-25 17:30:00,match,4,8,3.0,Shelby31,1,91347,godmaf//,2,Д. Колбасенко; Аномалия,Troychik; godmaf//; Незабудочная; Данил_Колбасенко; Anомалия; Totatuta; Unicef; Ультра; Пряник_virtuspro_19; Доктор_Ливси,https://polemicagame.com/match/561720,
561722,2026-04-25 17:30:00,match,6,8,3.0,Кит Кат,1,11977,Doc.,1,Алёна,Doc.; ADAМ; Alena78; Валя Черемшансеь; Телепат; Кабанус; 007; Пифагор; miklekarp; Фрунзеㅤ,https://polemicagame.com/match/561722,
561971,2026-04-25 17:46:58,match,4,6,3.0,Shelby31,1,42724,Доктор_Ливси,1,Алёна,Плотный Джонни; dank0sha; Диспетчер; Alena78; Ret1w; Майкрофт; Доктор_Ливси; Пряник_virtuspro_19; МARS; Пифагор,https://polemicagame.com/match/561971,
561723,2026-04-25 18:30:00,match,1,9,3.0,Dmitry_st,1,91347,Размен,1,Алёна,Размен; Ультра; Пифагор; ADAМ; Корифей; Alena78; Борец; Кабанус; Тихий Закат; phage,https://polemicagame.com/match/561723,
561727,2026-04-25 18:30:00,match,5,9,3.0,neeqme,1,1853,Anомалия,2,Д. Колбасенко; Аномалия,EZY BLACK; 007; Бемби; werty_; Endurance; Anомалия; 10 КМ; Данил_Колбасенко; Воробушек; miklekarp,https://polemicagame.com/match/561727,
561730,2026-04-25 19:30:00,match,2,10,3.0,aveeeee,1,111020,Alena78,2,Алёна; Д. Колбасенко,Незабудочная; Бемби; Данил_Колбасенко; Kaya; Troychik; Alena78; godmaf//; Ультра; dank0sha; Эл.,https://polemicagame.com/match/561730,
561734,2026-04-25 19:30:00,match,6,10,3.0,Кит Кат,0,20450,Парадокс2727,1,Аномалия,Anомалия; Майкрофт; Нюанс; 10 КМ; Диспетчер; Оксюморон; 007; Кабанус; Пифагор; Парадокс2727,https://polemicagame.com/match/561734,
562040,2026-04-26 10:00:00,match,1,1,3.0,Accord,0,76935,Проигрыватель,1,Лиса,Leap; Проигрыватель; любитель мам; Килми; cheb_; Scarlett La Feritа; т3мный принтс; Лисa; ronder; Aokigahara,https://polemicagame.com/match/562040,
562449,2026-04-26 10:30:00,match,1,1,3.0,Dmitry_st,1,98224,Парадокс2727,1,Аномалия,пау пау; 007; Anомалия; feat4ever; аlo; Катеринa; Парадокс2727; Размен; Растишка; Тихий Закат,https://polemicagame.com/match/562449,
562041,2026-04-26 11:00:00,match,1,2,3.0,Accord,0,59818,т3мный принтс,1,Лиса,Scarlett La Feritа; т3мный принтс; Лисa; Улыбкa; Килми; Aokigahara; Проигрыватель; любитель мам; ronder; Leap,https://polemicagame.com/match/562041,
562450,2026-04-26 11:30:00,match,1,2,3.0,Dmitry_st,1,328,Anомалия,1,Аномалия,Тихий Закат; Парадокс2727; аlo; Катеринa; 007; Anомалия; Размен; Растишка; feat4ever; пау пау,https://polemicagame.com/match/562450,
562042,2026-04-26 12:00:00,match,1,3,3.0,Accord,1,59818,Проигрыватель,1,Лиса,т3мный принтс; Лисa; Aokigahara; ronder; Scarlett La Feritа; Улыбкa; Leap; Килми; любитель мам; Проигрыватель,https://polemicagame.com/match/562042,
562451,2026-04-26 12:30:00,match,1,3,3.0,Dmitry_st,0,946,пау пау,1,Аномалия,feat4ever; Растишка; 007; Парадокс2727; пау пау; Размен; аlo; Катеринa; Anомалия; Тихий Закат,https://polemicagame.com/match/562451,
562043,2026-04-26 13:00:00,match,1,4,3.0,Accord,0,64905,т3мный принтс,1,Лиса,Улыбкa; любитель мам; т3мный принтс; Aokigahara; Leap; Лисa; Килми; Scarlett La Feritа; Проигрыватель; ronder,https://polemicagame.com/match/562043,
562452,2026-04-26 13:30:00,match,1,4,3.0,Dmitry_st,1,946,Парадокс2727,1,Аномалия,Парадокс2727; аlo; Тихий Закат; Anомалия; пау пау; Растишка; 007; Катеринa; feat4ever; Размен,https://polemicagame.com/match/562452,
562044,2026-04-26 14:00:00,match,1,5,3.0,Accord,1,131294,т3мный принтс,1,Лиса,Лисa; Килми; Улыбкa; Leap; т3мный принтс; ronder; любитель мам; Scarlett La Feritа; Проигрыватель; Aokigahara,https://polemicagame.com/match/562044,
562453,2026-04-26 14:30:00,match,1,5,3.0,Dmitry_st,0,20450,Катеринa,1,Аномалия,Катеринa; Растишка; feat4ever; 007; Размен; Anомалия; пау пау; Тихий Закат; аlo; Парадокс2727,https://polemicagame.com/match/562453,
562045,2026-04-26 15:00:00,match,1,6,3.0,Accord,1,85988,Leap,1,Лиса,Aokigahara; Leap; Проигрыватель; т3мный принтс; Scarlett La Feritа; ronder; любитель мам; Килми; Лисa; Улыбкa,https://polemicagame.com/match/562045,
562454,2026-04-26 15:30:00,match,1,6,3.0,Dmitry_st,1,946,Катеринa,1,Аномалия,Растишка; Размен; 007; Anомалия; feat4ever; аlo; пау пау; Катеринa; Тихий Закат; Парадокс2727,https://polemicagame.com/match/562454,
562046,2026-04-26 16:00:00,match,1,7,3.0,Accord,1,59818,Килми,1,Лиса,Проигрыватель; MyOwnSavage; Scarlett La Feritа; т3мный принтс; Килми; Aokigahara; ronder; Лисa; любитель мам; Улыбкa,https://polemicagame.com/match/562046,
562455,2026-04-26 16:30:00,match,1,7,3.0,Dmitry_st,1,328,пау пау,1,Аномалия,Размен; Растишка; 007; Парадокс2727; Катеринa; Anомалия; аlo; feat4ever; пау пау; Тихий Закат,https://polemicagame.com/match/562455,
562047,2026-04-26 17:00:00,match,1,8,3.0,Accord,1,64905,т3мный принтс,1,Лиса,ronder; Килми; любитель мам; т3мный принтс; Scarlett La Feritа; Aokigahara; Лисa; Проигрыватель; Улыбкa; MyOwnSavage,https://polemicagame.com/match/562047,
563693,2026-04-28 19:00:00,match,1,33,3.0,Dmitry_st,1,70253,shlyuba,2,Алёна; Macarena,Рокса; shlyuba; Кирюшкинс; Juls; MikoChu; Воробушек; Айра.; Victor; Macarena; Alena78,https://polemicagame.com/match/563693,
563694,2026-04-28 20:00:00,match,1,34,3.0,Dmitry_st,1,1035,MikoChu,2,Алёна; Macarena,Рокса; MikoChu; Айра.; Воробушек; Macarena; Juls; Alena78; Victor; shlyuba; Кирюшкинс,https://polemicagame.com/match/563694,
563695,2026-04-28 21:00:00,match,1,35,3.0,Dmitry_st,1,101765,MikoChu,2,Алёна; Macarena,Victor; MikoChu; Macarena; Айра.; Alena78; Juls; Воробушек; Рокса; Кирюшкинс; shlyuba,https://polemicagame.com/match/563695,
563696,2026-04-28 22:00:00,match,1,36,3.0,Dmitry_st,0,1035,Alena78,2,Алёна; Macarena,Macarena; Воробушек; Juls; Кирюшкинс; Victor; Alena78; Айра.; Рокса; MikoChu; shlyuba,https://polemicagame.com/match/563696,
564237,2026-04-29 16:29:47,match,3,9,3.0,Dmitry_st,0,[],Искра,3,Вега; Фырчик; Axeon,Госпожа Julie; Rikso; Сан-Франциско; Фырчик; Куртка Бейн; Axeon; Искра; Вега; Лекc; ЧехонтЭ,https://polemicagame.com/match/564237,
564239,2026-04-29 16:31:14,match,3,10,3.0,Dmitry_st,1,[],Искра,3,Вега; Фырчик; Axeon,Искра; Сан-Франциско; Лекc; ЧехонтЭ; Фырчик; Вега; Госпожа Julie; Rikso; Куртка Бейн; Axeon,https://polemicagame.com/match/564239,
564242,2026-04-29 16:32:24,match,3,11,3.0,Dmitry_st,0,[],Сан-Франциско,3,Вега; Фырчик; Axeon,Лекc; Вега; Фырчик; Сан-Франциско; Госпожа Julie; ЧехонтЭ; Rikso; Искра; Axeon; Куртка Бейн,https://polemicagame.com/match/564242,
564245,2026-04-29 16:34:10,match,3,12,3.0,Dmitry_st,1,[],Сан-Франциско,3,Вега; Фырчик; Axeon,Rikso; Лекc; Вега; Искра; ЧехонтЭ; Axeon; Сан-Франциско; Куртка Бейн; Фырчик; Госпожа Julie,https://polemicagame.com/match/564245,
564233,2026-04-29 19:20:00,match,1,9,3.0,Dmitry_st,0,67793,Искра,3,Вега; Фырчик; Axeon,Госпожа Julie; Rikso; Сан-Франциско; Фырчик; Куртка Бейн; Axeon; Искра; Вега; Лекc; ЧехонтЭ,https://polemicagame.com/match/564233,
564234,2026-04-29 20:20:00,match,1,10,3.0,Dmitry_st,1,78547,Искра,3,Вега; Фырчик; Axeon,Искра; Сан-Франциско; Лекc; ЧехонтЭ; Фырчик; Вега; Госпожа Julie; Rikso; Куртка Бейн; Axeon,https://polemicagame.com/match/564234,
564235,2026-04-29 21:20:00,match,1,11,3.0,Dmitry_st,0,74136,Фырчик,3,Вега; Фырчик; Axeon,Лекc; Вега; Фырчик; Сан-Франциско; Госпожа Julie; ЧехонтЭ; Rikso; Искра; Axeon; Куртка Бейн,https://polemicagame.com/match/564235,
564236,2026-04-29 22:20:00,match,1,12,3.0,Dmitry_st,1,68136,Сан-Франциско,3,Вега; Фырчик; Axeon,Rikso; Лекc; Вега; Искра; ЧехонтЭ; Axeon; Сан-Франциско; Куртка Бейн; Фырчик; Госпожа Julie,https://polemicagame.com/match/564236,
564872,2026-05-01 10:00:00,match,1,45,3.0,Пиджак,0,54009,Госпожа,4,Кармин; Вега; Лиса; Elric,Кармин; Вега; Mышьяк; MadCat; Elric; Госпожа; Лисa; Инкогнито; Demi; Лекc,https://polemicagame.com/match/564872,
564873,2026-05-01 11:00:00,match,1,46,3.0,Пиджак,1,54555,Вега,4,Кармин; Вега; Лиса; Elric,Лисa; Госпожа; MadCat; Инкогнито; Elric; Лекc; Вега; Кармин; Demi; Mышьяк,https://polemicagame.com/match/564873,
564874,2026-05-01 12:00:00,match,1,47,3.0,Пиджак,1,99882,MadCat,4,Кармин; Вега; Лиса; Elric,MadCat; Лисa; Mышьяк; Кармин; Лекc; Elric; Госпожа; Инкогнито; Demi; Вега,https://polemicagame.com/match/564874,
564875,2026-05-01 13:00:00,match,1,48,3.0,Пиджак,0,86129,Demi,4,Кармин; Вега; Лиса; Elric,Лисa; Вега; Кармин; Mышьяк; Demi; MadCat; Госпожа; Инкогнито; Elric; Лекc,https://polemicagame.com/match/564875,
565300,2026-05-02 10:00:00,match,1,37,3.0,Пиджак,0,1035,Сложный,4,Ластхиро; Алёна; avomarika; Macarena,Размен; Ллирик; Сложный; Ластхиро; Juls; Воробушек; Кирюшкинс; Alena78; avomarika; Macarena,https://polemicagame.com/match/565300,
565301,2026-05-02 11:00:00,match,1,38,3.0,Пиджак,1,343,avomarika,4,Ластхиро; Алёна; avomarika; Macarena,Кирюшкинс; Сложный; Размен; Ластхиро; Воробушек; Juls; Alena78; Macarena; Ллирик; avomarika,https://polemicagame.com/match/565301,
565302,2026-05-02 12:00:00,match,1,39,3.0,Пиджак,0,85652,Alena78,4,Ластхиро; Алёна; avomarika; Macarena,Alena78; Juls; Сложный; Ллирик; avomarika; Ластхиро; Macarena; Размен; Кирюшкинс; Воробушек,https://polemicagame.com/match/565302,
565303,2026-05-02 13:00:00,match,1,40,3.0,Пиджак,0,4807,Размен,4,Ластхиро; Алёна; avomarika; Macarena,avomarika; Воробушек; Ластхиро; Сложный; Размен; Ллирик; Juls; Macarena; Кирюшкинс; Alena78,https://polemicagame.com/match/565303,
566246,2026-05-02 19:39:32,match,2,1,3.0,Mышьяк,0,63218,Кармин,1,Кармин,светочка); Птыц.; Генрих; chimik; Кармин; Тритий; Царица ночи; Мёдоед; Гера1; Гoспoжa,https://polemicagame.com/match/566246,
566247,2026-05-02 19:39:32,match,3,1,3.0,Мелисса),0,7706,Beach House,1,Белладонна,Avaluna; Лекc; XXX Istrebitel mafii; Accord; Белладонна; Beach House; Smetanishe666; Rearm; Krupliz; найни,https://polemicagame.com/match/566247,
566254,2026-05-02 19:39:33,match,4,2,3.0,Konstant,0,24070,Beach House,2,Кармин; Белладонна,StronGlav; Кармин; Beach House; Homych; iznanka; Vitek Solo; atom_tm; Allen; Белладонна; Солнце,https://polemicagame.com/match/566254,
566258,2026-05-02 19:39:33,match,2,3,3.0,Mышьяк,1,60797,Lеvi,1,Кармин,Allen; Kaya; Lеvi; Ллирик; MadCat; Мёдоед; Rearm; Кармин; Несострел; chimik,https://polemicagame.com/match/566258,
566264,2026-05-02 19:39:34,match,2,4,3.0,Mышьяк,1,72809,Парадокс2727,1,Белладонна,Парадокс2727; Несострел; Белладонна; Птыц.; найни; Незлой; Генрих; Гoспoжa; Юниор; Beach House,https://polemicagame.com/match/566264,
566267,2026-05-02 19:39:34,match,5,4,3.0,taburet_ka,1,111020,sxdx,1,Кармин,Кармин; т3мный принтс; Smetanishe666; Солнце; Ллирик; Незабудочная; _Энергетик_; Sol invictus; Aokigahara; sxdx,https://polemicagame.com/match/566267,
566270,2026-05-02 19:39:35,match,2,5,3.0,Mышьяк,1,1238,Пятачок,1,Кармин,Пятачок; Accord; Тритий; Незлой; Beach House; XXX Istrebitel mafii; Lеvi; ronder; Demi; Кармин,https://polemicagame.com/match/566270,
566271,2026-05-02 19:39:35,match,3,5,3.0,Мелисса),1,84683,Aokigahara,1,Белладонна,Царица ночи; Aokigahara; Юниор; Велосипедостроитель; MyOwnSavage; Гoспoжa; Старец; Белладонна; Smetanishe666; Vitek Solo,https://polemicagame.com/match/566271,
566278,2026-05-02 19:39:36,match,4,6,3.0,Konstant,1,67449,Белладонна,1,Белладонна,Kaya; найни; Homych; Белладонна; Старец; Beltsky; любитель мам; Гера1; ronder; _Энергетик_,https://polemicagame.com/match/566278,
566279,2026-05-02 19:39:36,match,5,6,3.0,taburet_ka,1,127208,Солнце,1,Кармин,Филологz; Sol invictus; Кармин; Rearm; For_eLL_; Lеvi; Scarlett La Feritа; Солнце; Генрих; Пятачок,https://polemicagame.com/match/566279,
566285,2026-05-02 19:39:36,match,5,7,3.0,taburet_ka,1,54555,Avaluna,1,Кармин,Accord; Незлой; Avaluna; Кармин; Vitek Solo; MadCat; Гoспoжa; Beltsky; Rearm; Гера1,https://polemicagame.com/match/566285,
566286,2026-05-02 19:39:37,match,6,7,3.0,Доктор_Ливси,0,103082,Urusta,1,Белладонна,For_eLL_; Beach House; Urusta; ППК; StronGlav; Белладонна; Филологz; sokl; Незабудочная; Мёдоед,https://polemicagame.com/match/566286,
566289,2026-05-02 19:39:37,match,3,8,3.0,Мелисса),0,84683,Белладонна,1,Белладонна,pochemyyazdes; Demi; Парадокс2727; Beltsky; chimik; Scarlett La Feritа; Белладонна; светочка); Царица ночи; Allen,https://polemicagame.com/match/566289,
566291,2026-05-02 19:39:37,match,5,8,3.0,taburet_ka,1,611,azalea,1,Кармин,ronder; Сложный; Старец; azalea; Пятачок; Незлой; Beach House; MadCat; Кармин; Несострел,https://polemicagame.com/match/566291,
566298,2026-05-02 19:39:38,match,6,9,3.0,Доктор_Ливси,1,54555,Лекc,2,Кармин; Белладонна,Лекc; Белладонна; sxdx; Urusta; Lеvi; Кармин; sokl; Арей; Парадокс2727; MadCat,https://polemicagame.com/match/566298,
566299,2026-05-02 19:39:38,match,1,10,3.0,Лисa,0,103082,ППК,1,Белладонна,Старец; ППК; Незлой; XXX Istrebitel mafii; Rearm; azalea; For_eLL_; Парадокс2727; т3мный принтс; Белладонна,https://polemicagame.com/match/566299,
566302,2026-05-02 19:39:38,match,4,10,3.0,Konstant,1,64905,Beach House,1,Кармин,Юниор; Krupliz; ronder; Beach House; Beltsky; _Энергетик_; Кармин; Ллирик; Мёдоед; MyOwnSavage,https://polemicagame.com/match/566302,
566993,2026-05-03 20:30:45,match,3,3,3.0,Лисa,1,41244,Белладонна,1,Белладонна,Белладонна; StronGlav; Aokigahara; Тритий; Sol invictus; Юниор; Велосипедостроитель; Пятачок; ППК; Avaluna,https://polemicagame.com/match/566993,
567439,2026-05-05 10:00:00,match,1,41,3.0,azalea,0,84683,Белладонна,3,Ластхиро; Белладонна; Секрет,Доктор_Ливси; Белладонна; sokl; Juls; Сложный; Ллирик; Секрет-; Размен; Victor; Ластхиро,https://polemicagame.com/match/567439,
567440,2026-05-05 11:00:00,match,1,42,3.0,azalea,1,60797,Juls,3,Ластхиро; Белладонна; Секрет,Белладонна; Ластхиро; sokl; Juls; Размен; Victor; Сложный; Ллирик; Доктор_Ливси; Секрет-,https://polemicagame.com/match/567440,
567441,2026-05-05 12:00:00,match,1,43,3.0,azalea,1,431,Ластхиро,3,Ластхиро; Белладонна; Секрет,Ластхиро; Доктор_Ливси; Victor; Белладонна; Сложный; Ллирик; sokl; Секрет-; Размен; Juls,https://polemicagame.com/match/567441,
567442,2026-05-05 13:00:00,match,1,44,3.0,azalea,1,8368,Juls,3,Ластхиро; Белладонна; Секрет,Ллирик; Доктор_Ливси; Victor; sokl; Секрет-; Juls; Размен; Белладонна; Ластхиро; Сложный,https://polemicagame.com/match/567442,
567931,2026-05-06 10:00:00,match,1,49,3.0,Пиджак,1,109188,Фырчик,1,Фырчик,Irukan; Мёдоед; Рус; Маэстро СПб; Фырчик; Lost Sky; Aufstralia; Slam; Инкогнито; Country,https://polemicagame.com/match/567931,
567932,2026-05-06 11:00:00,match,1,50,3.0,Пиджак,1,18211,Маэстро СПб,1,Фырчик,Маэстро СПб; Мёдоед; Фырчик; Country; Aufstralia; Irukan; Рус; Инкогнито; Slam; Lost Sky,https://polemicagame.com/match/567932,
567933,2026-05-06 12:00:00,match,1,51,3.0,Пиджак,0,88133,Irukan,1,Фырчик,Aufstralia; Фырчик; Irukan; Lost Sky; Рус; Инкогнито; Country; Маэстро СПб; Мёдоед; Slam,https://polemicagame.com/match/567933,
567934,2026-05-06 13:00:00,match,1,52,3.0,Пиджак,1,109188,Рус,1,Фырчик,Irukan; Slam; Рус; Фырчик; Маэстро СПб; Инкогнито; Lost Sky; Aufstralia; Мёдоед; Country,https://polemicagame.com/match/567934,
568521,2026-05-07 10:00:00,match,1,1,3.0,Anомалия,1,23794,Чеба,4,Алёна; Кармин; Секрет; Аномалия,Doc; Anомалия; любитель мам; Чеба; Секрет-; Lost Sky; Размен; Кармин; Alena78; Кирюшкинс,https://polemicagame.com/match/568521,
568522,2026-05-07 11:00:00,match,1,2,3.0,Anомалия,1,98224,Doc,4,Алёна; Кармин; Секрет; Аномалия,Размен; Anомалия; Lost Sky; любитель мам; Кирюшкинс; Чеба; Doc; Секрет-; Alena78; Кармин,https://polemicagame.com/match/568522,
568523,2026-05-07 12:00:00,match,1,3,3.0,Anомалия,1,90009,Кирюшкинс,4,Алёна; Кармин; Секрет; Аномалия,Размен; Чеба; Секрет-; Anомалия; Кирюшкинс; Doc; Alena78; Кармин; Lost Sky; любитель мам,https://polemicagame.com/match/568523,
568524,2026-05-07 13:00:00,match,1,4,3.0,Anомалия,1,76996,Секрет-,4,Алёна; Кармин; Секрет; Аномалия,Lost Sky; Секрет-; Размен; Кармин; любитель мам; Alena78; Anомалия; Кирюшкинс; Чеба; Doc,https://polemicagame.com/match/568524,
569043,2026-05-07 19:00:00,match,1,53,3.0,Пиджак,1,76145,Stereo,2,Д. Колбасенко; Elric,Mышьяк; WELSH; любитель мам; *Ведьма*; Elric; Stereo; Плюшка); Urusta; Данил_Колбасенко; Госпожа,https://polemicagame.com/match/569043,
569044,2026-05-07 20:00:00,match,1,54,3.0,Пиджак,1,74059,Mышьяк,2,Д. Колбасенко; Elric,Mышьяк; WELSH; *Ведьма*; Stereo; Urusta; Госпожа; Данил_Колбасенко; любитель мам; Плюшка); Elric,https://polemicagame.com/match/569044,
569045,2026-05-07 21:00:00,match,1,55,3.0,Пиджак,1,54009,Данил_Колбасенко,2,Д. Колбасенко; Elric,Elric; Госпожа; Данил_Колбасенко; любитель мам; Urusta; Stereo; Mышьяк; *Ведьма*; Плюшка); WELSH,https://polemicagame.com/match/569045,
569046,2026-05-07 22:00:00,match,1,56,3.0,Пиджак,1,99882,Stereo,2,Д. Колбасенко; Elric,любитель мам; Плюшка); Госпожа; Stereo; Elric; Urusta; WELSH; Mышьяк; *Ведьма*; Данил_Колбасенко,https://polemicagame.com/match/569046,
569862,2026-05-09 11:00:00,match,1,1,3.0,Dmitry_st,1,101765,Кирюшкинс,1,Axeon,нонмае; WELSH; Кирюшкинс; Айра.; Axeon; Ллирик; Samurai4444; г-н Sema; Киса; Валя Черемшансеь,https://polemicagame.com/match/569862,
569863,2026-05-09 11:00:00,match,2,1,3.0,Любезный,0,70253,Macarena,3,Macarena; Секрет; Elric,Homych; Ret1w; Том; Плюшка); pevoon; Секрет-; 23; Macarena; Оладуш; Elric,https://polemicagame.com/match/569863,
569864,2026-05-09 11:00:00,match,3,1,3.0,Музыка),1,23794,любитель мам,3,Алёна; Лиса; Д. Колбасенко,Лисa; Alena78; Сложный; logic_spb; Данил_Колбасенко; Stereo; любитель мам; ZestNV; дьябло; комик,https://polemicagame.com/match/569864,
569865,2026-05-09 11:00:00,match,4,1,3.0,Juls,1,1035,Инкогнито,1,Аномалия,нейроогурец; Инкогнито; Дон_Сильвана; Anомалия; Assya; Доктор_Ливси; Allen; Leap; Воробушек; Размен,https://polemicagame.com/match/569865,
569866,2026-05-09 12:00:00,match,1,2,3.0,Dmitry_st,0,3229,Сложный,1,Аномалия,Anомалия; Allen; Сложный; pevoon; комик; Оладуш; Инкогнито; Дон_Сильвана; Айра.; Leap,https://polemicagame.com/match/569866,
569867,2026-05-09 12:00:00,match,2,2,3.0,Любезный,0,88154,дьябло,1,Секрет,Кирюшкинс; дьябло; Ллирик; Доктор_Ливси; Секрет-; 23; Assya; ZestNV; Киса; Валя Черемшансеь,https://polemicagame.com/match/569867,
569869,2026-05-09 12:00:00,match,4,2,3.0,Juls,0,76935,Macarena,6,Алёна; Macarena; Axeon; Лиса; Д. Колбасенко; Elric,Macarena; любитель мам; Elric; нейроогурец; Alena78; Данил_Колбасенко; Axeon; Лисa; Stereo; г-н Sema,https://polemicagame.com/match/569869,
569870,2026-05-09 13:00:00,match,1,3,3.0,Dmitry_st,0,98224,Кирюшкинс,1,Аномалия,Кирюшкинс; Воробушек; Дон_Сильвана; Anомалия; Leap; 23; комик; Размен; нонмае; Сложный,https://polemicagame.com/match/569870,
569871,2026-05-09 13:00:00,match,2,3,3.0,Любезный,1,81057,Ret1w,2,Axeon; Секрет,Оладуш; Киса; Assya; Валя Черемшансеь; Плюшка); Секрет-; Ret1w; любитель мам; Axeon; pevoon,https://polemicagame.com/match/569871,
569872,2026-05-09 13:00:00,match,3,3,3.0,Музыка),0,86129,Лисa,3,Macarena; Лиса; Elric,logic_spb; Том; ZestNV; дьябло; Лисa; Stereo; Ллирик; Айра.; Elric; Macarena,https://polemicagame.com/match/569872,
569873,2026-05-09 13:00:00,match,4,3,3.0,Juls,1,8368,г-н Sema,2,Алёна; Д. Колбасенко,WELSH; Alena78; Доктор_Ливси; Homych; г-н Sema; Инкогнито; Allen; нейроогурец; Samurai4444; Данил_Колбасенко,https://polemicagame.com/match/569873,
569874,2026-05-09 14:00:00,match,1,4,3.0,Dmitry_st,1,99882,Дон_Сильвана,2,Лиса; Elric,Том; комик; Дон_Сильвана; Allen; 23; Лисa; Айра.; Размен; logic_spb; Elric,https://polemicagame.com/match/569874,
569875,2026-05-09 14:00:00,match,2,4,3.0,Любезный,1,74059,Homych,1,Д. Колбасенко,Данил_Колбасенко; нейроогурец; Сложный; Доктор_Ливси; Stereo; Homych; Инкогнито; Leap; Ллирик; Воробушек,https://polemicagame.com/match/569875,
569876,2026-05-09 14:00:00,match,3,4,3.0,Музыка),1,2951,Assya,3,Алёна; Axeon; Секрет,Alena78; Секрет-; г-н Sema; Кирюшкинс; Киса; Axeon; Assya; любитель мам; Плюшка); дьябло,https://polemicagame.com/match/569876,
569877,2026-05-09 14:00:00,match,4,4,3.0,Juls,1,98224,нонмае,2,Macarena; Аномалия,Samurai4444; Оладуш; Ret1w; ZestNV; нонмае; pevoon; WELSH; Anомалия; Валя Черемшансеь; Macarena,https://polemicagame.com/match/569877,
569878,2026-05-09 15:00:00,match,1,5,3.0,Dmitry_st,1,36696,дьябло,2,Д. Колбасенко; Elric,Homych; Воробушек; г-н Sema; Киса; Данил_Колбасенко; logic_spb; Elric; Том; дьябло; Плюшка),https://polemicagame.com/match/569878,
569879,2026-05-09 15:00:00,match,2,5,3.0,Любезный,0,23794,Айра.,1,Алёна,Samurai4444; Инкогнито; Айра.; Оладуш; Stereo; WELSH; Ллирик; любитель мам; Alena78; Кирюшкинс,https://polemicagame.com/match/569879,
569880,2026-05-09 15:00:00,match,3,5,3.0,Музыка),1,88154,Доктор_Ливси,3,Axeon; Лиса; Секрет,Ret1w; Доктор_Ливси; Axeon; Секрет-; комик; Размен; pevoon; Валя Черемшансеь; 23; Лисa,https://polemicagame.com/match/569880,
569881,2026-05-09 15:00:00,match,4,5,3.0,Juls,0,70253,нейроогурец,2,Macarena; Аномалия,нейроогурец; Anомалия; Allen; Дон_Сильвана; ZestNV; Leap; Assya; Сложный; Macarena; нонмае,https://polemicagame.com/match/569881,
569882,2026-05-09 16:00:00,match,1,6,3.0,Dmitry_st,1,70253,pevoon,2,Macarena; Аномалия,любитель мам; Anомалия; комик; Allen; Macarena; pevoon; Assya; Samurai4444; Homych; г-н Sema,https://polemicagame.com/match/569882,
569883,2026-05-09 16:00:00,match,2,6,3.0,Любезный,0,1035,Воробушек,2,Алёна; Д. Колбасенко,Киса; Alena78; Айра.; Плюшка); Сложный; Воробушек; нейроогурец; Размен; Данил_Колбасенко; Stereo,https://polemicagame.com/match/569883,
569884,2026-05-09 16:00:00,match,3,6,3.0,Музыка),1,36696,Инкогнито,2,Axeon; Секрет,Axeon; 23; ZestNV; Leap; Инкогнито; Ллирик; Валя Черемшансеь; Том; Секрет-; Кирюшкинс,https://polemicagame.com/match/569884,
569885,2026-05-09 16:00:00,match,4,6,3.0,Juls,1,8368,Оладуш,2,Лиса; Elric,Elric; logic_spb; Лисa; Доктор_Ливси; Дон_Сильвана; нонмае; Оладуш; WELSH; дьябло; Ret1w,https://polemicagame.com/match/569885,
569886,2026-05-09 17:00:00,match,1,7,3.0,Dmitry_st,1,101765,Валя Черемшансеь,2,Алёна; Axeon,Alena78; 23; Axeon; Валя Черемшансеь; Assya; комик; Ret1w; Айра.; любитель мам; Том,https://polemicagame.com/match/569886,
569887,2026-05-09 17:00:00,match,2,7,3.0,Любезный,1,1035,г-н Sema,3,Лиса; Секрет; Д. Колбасенко,г-н Sema; Данил_Колбасенко; нонмае; Воробушек; Лисa; Секрет-; Homych; pevoon; Инкогнито; Leap,https://polemicagame.com/match/569887,
569889,2026-05-09 17:00:00,match,4,7,3.0,Juls,0,51777,Оладуш,3,Macarena; Аномалия; Elric,нейроогурец; Elric; Плюшка); Macarena; Samurai4444; WELSH; Доктор_Ливси; Киса; Оладуш; Anомалия,https://polemicagame.com/match/569889,
569890,2026-05-09 18:00:00,match,1,8,3.0,Dmitry_st,1,36696,Кирюшкинс,2,Алёна; Секрет,Валя Черемшансеь; logic_spb; Том; Leap; любитель мам; ZestNV; Кирюшкинс; Секрет-; Размен; Alena78,https://polemicagame.com/match/569890,
569891,2026-05-09 18:00:00,match,2,8,3.0,Любезный,0,858,23,3,Macarena; Лиса; Д. Колбасенко,Данил_Колбасенко; Воробушек; г-н Sema; Homych; Плюшка); Macarena; Лисa; Инкогнито; 23; Stereo,https://polemicagame.com/match/569891,
569893,2026-05-09 18:00:00,match,4,8,3.0,Juls,0,96232,нонмае,3,Axeon; Аномалия; Elric,Киса; Axeon; Ллирик; Elric; Allen; нонмае; Anомалия; WELSH; Samurai4444; Айра.,https://polemicagame.com/match/569893,
569894,2026-05-09 19:00:00,match,1,9,3.0,Dmitry_st,0,3229,Данил_Колбасенко,2,Д. Колбасенко; Аномалия,Оладуш; Данил_Колбасенко; Anомалия; Инкогнито; Доктор_Ливси; WELSH; г-н Sema; Samurai4444; Leap; pevoon,https://polemicagame.com/match/569894,
569895,2026-05-09 19:00:00,match,2,9,3.0,Любезный,0,1035,Homych,2,Macarena; Elric,logic_spb; Ллирик; Дон_Сильвана; Homych; Elric; Кирюшкинс; Macarena; Воробушек; комик; Том,https://polemicagame.com/match/569895,
569897,2026-05-09 19:00:00,match,4,9,3.0,Juls,1,147322,Лисa,1,Лиса,Айра.; дьябло; Allen; ZestNV; Stereo; Плюшка); Assya; Лисa; Валя Черемшансеь; Киса,https://polemicagame.com/match/569897,
569899,2026-05-09 20:00:00,match,2,10,3.0,Любезный,1,23794,Воробушек,2,Алёна; Axeon,Воробушек; 23; Axeon; Инкогнито; нейроогурец; Alena78; Айра.; Stereo; г-н Sema; нонмае,https://polemicagame.com/match/569899,
569900,2026-05-09 20:00:00,match,3,10,3.0,Музыка),1,4807,комик,2,Секрет; Elric,pevoon; комик; Кирюшкинс; Elric; Секрет-; Размен; Samurai4444; дьябло; Дон_Сильвана; ZestNV,https://polemicagame.com/match/569900,
569901,2026-05-09 20:00:00,match,4,10,3.0,Juls,0,36696,Лисa,4,Macarena; Лиса; Д. Колбасенко; Аномалия,Лисa; Macarena; Оладуш; Anомалия; Плюшка); Данил_Колбасенко; Ллирик; Том; Доктор_Ливси; Сложный,https://polemicagame.com/match/569901,
570304,2026-05-09 22:37:10,match,3,9,3.0,Dmitry_st,0,858,нейроогурец,3,Алёна; Axeon; Секрет,Axeon; нейроогурец; Alena78; 23; Ret1w; нонмае; любитель мам; Сложный; Секрет-; Размен,https://polemicagame.com/match/570304,
570421,2026-05-10 10:30:00,match,1,1,3.0,Любезный,1,8368,Оладуш,2,Macarena; Лиса,г-н Sema; Доктор_Ливси; Плюшка); Macarena; Лисa; pevoon; Ллирик; Оладуш; Кирюшкинс; любитель мам,https://polemicagame.com/match/570421,
570422,2026-05-10 11:30:00,match,1,2,3.0,Любезный,0,60797,Оладуш,2,Macarena; Лиса,Оладуш; Доктор_Ливси; г-н Sema; Кирюшкинс; pevoon; Лисa; Плюшка); любитель мам; Ллирик; Macarena,https://polemicagame.com/match/570422,
570423,2026-05-10 12:30:00,match,1,3,3.0,Любезный,1,70253,Оладуш,2,Macarena; Лиса,Оладуш; Плюшка); Кирюшкинс; любитель мам; Лисa; Ллирик; pevoon; Доктор_Ливси; Macarena; г-н Sema,https://polemicagame.com/match/570423,
570544,2026-05-10 13:00:00,match,1,13,3.0,cowboy,0,74136,Госпожа Julie,1,Вега,Вега; SkOrPionsha_; Госпожа Julie; Сан-Франциско; Rikso; SheyWost; Куртка Бейн; Искра; Лекc; ЧехонтЭ,https://polemicagame.com/match/570544,
570424,2026-05-10 13:30:00,match,1,4,3.0,Любезный,1,51777,pevoon,2,Macarena; Лиса,Оладуш; Ллирик; Macarena; г-н Sema; Кирюшкинс; Доктор_Ливси; Плюшка); Лисa; pevoon; любитель мам,https://polemicagame.com/match/570424,
570545,2026-05-10 14:00:00,match,1,14,3.0,cowboy,1,67793,Rikso,1,Вега,Куртка Бейн; Сан-Франциско; Rikso; SheyWost; Вега; Искра; Госпожа Julie; ЧехонтЭ; Лекc; SkOrPionsha_,https://polemicagame.com/match/570545,
570425,2026-05-10 14:30:00,match,1,5,3.0,Любезный,1,70253,Ллирик,2,Macarena; Лиса,Плюшка); Доктор_Ливси; pevoon; г-н Sema; Лисa; Ллирик; любитель мам; Оладуш; Macarena; Кирюшкинс,https://polemicagame.com/match/570425,
570546,2026-05-10 15:00:00,match,1,15,3.0,cowboy,1,51380,Госпожа Julie,1,Вега,ЧехонтЭ; Куртка Бейн; SkOrPionsha_; Сан-Франциско; SheyWost; Rikso; Искра; Вега; Госпожа Julie; Лекc,https://polemicagame.com/match/570546,
570426,2026-05-10 15:30:00,match,1,6,3.0,Любезный,0,3229,Ллирик,2,Macarena; Лиса,Macarena; Лисa; Ллирик; любитель мам; Плюшка); Кирюшкинс; г-н Sema; Доктор_Ливси; Оладуш; pevoon,https://polemicagame.com/match/570426,
570547,2026-05-10 16:00:00,match,1,16,3.0,cowboy,1,66257,ЧехонтЭ,1,Вега,Лекc; Вега; SkOrPionsha_; Искра; Сан-Франциско; SheyWost; Куртка Бейн; Госпожа Julie; ЧехонтЭ; Rikso,https://polemicagame.com/match/570547,
570427,2026-05-10 16:30:00,match,1,7,3.0,Любезный,0,596,Доктор_Ливси,2,Macarena; Лиса,Кирюшкинс; Доктор_Ливси; Плюшка); любитель мам; Оладуш; pevoon; Лисa; Macarena; г-н Sema; Ллирик,https://polemicagame.com/match/570427,
570754,2026-05-10 20:10:11,match,3,13,3.0,Dmitry_st,0,[],Госпожа Julie,1,Вега,Вега; SkOrPionsha_; Госпожа Julie; Сан-Франциско; Rikso; SheyWost; Куртка Бейн; Искра; Лекc; ЧехонтЭ,https://polemicagame.com/match/570754,
570756,2026-05-10 20:13:52,match,3,14,3.0,Dmitry_st,1,[],Rikso,1,Вега,Куртка Бейн; Сан-Франциско; Rikso; SheyWost; Вега; Искра; Госпожа Julie; ЧехонтЭ; Лекc; SkOrPionsha_,https://polemicagame.com/match/570756,
570757,2026-05-10 20:15:41,match,3,15,3.0,Dmitry_st,1,[],Куртка Бейн,1,Вега,ЧехонтЭ; Куртка Бейн; SkOrPionsha_; Сан-Франциско; SheyWost; Rikso; Искра; Вега; Госпожа Julie; Лекc,https://polemicagame.com/match/570757,
570760,2026-05-10 20:16:58,match,3,16,3.0,Dmitry_st,1,[],ЧехонтЭ,1,Вега,Лекc; Вега; SkOrPionsha_; Искра; Сан-Франциско; SheyWost; Куртка Бейн; Госпожа Julie; ЧехонтЭ; Rikso,https://polemicagame.com/match/570760,
571093,2026-05-12 10:00:00,match,1,45,3.0,Пиджак,0,84683,Victor,3,Фартушная; avomarika; Белладонна,Victor; Сложный; Белладонна; Том; Рокса; Фартушная; pevoon; Doc.; avomarika; Saint-P,https://polemicagame.com/match/571093,
571302,2026-05-12 10:00:00,match,1,51,3.0,azalea,0,36696,pevoon,3,Фартушная; avomarika; Белладонна,Том; avomarika; pevoon; Флаффи; Saint-P; Белладонна; Фартушная; Сложный; Рокса; Doc.,https://polemicagame.com/match/571302,
571094,2026-05-12 11:00:00,match,1,46,3.0,Пиджак,1,71172,pevoon,3,Фартушная; avomarika; Белладонна,avomarika; Saint-P; Doc.; Сложный; pevoon; Том; Фартушная; Рокса; Victor; Белладонна,https://polemicagame.com/match/571094,
571303,2026-05-12 11:00:00,match,1,52,3.0,azalea,0,1302,Рокса,3,Фартушная; avomarika; Белладонна,Сложный; pevoon; Белладонна; Saint-P; Том; Рокса; avomarika; Фартушная; Флаффи; Doc.,https://polemicagame.com/match/571303,
571095,2026-05-12 12:00:00,match,1,47,3.0,Пиджак,1,1302,Том,3,Фартушная; avomarika; Белладонна,avomarika; Doc.; Saint-P; Сложный; Рокса; pevoon; Том; Фартушная; Белладонна; Victor,https://polemicagame.com/match/571095,
571096,2026-05-12 13:00:00,match,1,48,3.0,Пиджак,1,36696,Белладонна,3,Фартушная; avomarika; Белладонна,Рокса; Белладонна; Saint-P; Том; Фартушная; avomarika; Doc.; Victor; pevoon; Сложный,https://polemicagame.com/match/571096,
571097,2026-05-12 14:00:00,match,1,49,3.0,Пиджак,1,45675,Белладонна,3,Фартушная; avomarika; Белладонна,pevoon; Saint-P; Том; Doc.; Белладонна; Фартушная; Сложный; Флаффи; avomarika; Рокса,https://polemicagame.com/match/571097,
571098,2026-05-12 15:00:00,match,1,50,3.0,Пиджак,0,84683,Doc.,3,Фартушная; avomarika; Белладонна,Флаффи; Doc.; Рокса; Фартушная; Saint-P; Том; Белладонна; Сложный; avomarika; pevoon,https://polemicagame.com/match/571098,
571627,2026-05-13 10:00:00,match,1,57,3.0,Пиджак,1,54555,Лисa,4,Кармин; Вега; Axeon; Лиса,Лисa; MadCat; Nevesta; XXX Istrebitel mafii; Кармин; Вега; Beltsky; Яблоко; Axeon; azalea,https://polemicagame.com/match/571627,
571628,2026-05-13 11:00:00,match,1,58,3.0,Пиджак,0,35930,Кармин,4,Кармин; Вега; Axeon; Лиса,Яблоко; Вега; XXX Istrebitel mafii; Axeon; Nevesta; Кармин; MadCat; Лисa; azalea; Beltsky,https://polemicagame.com/match/571628,
571629,2026-05-13 12:00:00,match,1,59,3.0,Пиджак,0,129301,azalea,4,Кармин; Вега; Axeon; Лиса,XXX Istrebitel mafii; Вега; Axeon; Лисa; MadCat; azalea; Nevesta; Beltsky; Яблоко; Кармин,https://polemicagame.com/match/571629,
571630,2026-05-13 13:00:00,match,1,60,3.0,Пиджак,0,35930,Nevesta,4,Кармин; Вега; Axeon; Лиса,azalea; Вега; XXX Istrebitel mafii; Кармин; Яблоко; MadCat; Nevesta; Beltsky; Лисa; Axeon,https://polemicagame.com/match/571630,
574832,2026-05-20 10:00:00,match,1,53,3.0,Пиджак,1,1035,Juls,4,Ластхиро; Macarena; Секрет; Марипоса,Juls; Вальхалла; Размен; Ластхиро; Macarena; Орочимару; Секрет-; Воробушек; Айра.; Марипоса,https://polemicagame.com/match/574832,
574833,2026-05-20 11:00:00,match,1,54,3.0,Пиджак,1,70253,Марипоса,4,Ластхиро; Macarena; Секрет; Марипоса,Juls; Macarena; Айра.; Марипоса; Секрет-; Орочимару; Размен; Воробушек; Ластхиро; Вальхалла,https://polemicagame.com/match/574833,
575178,2026-05-20 11:39:46,match,4,13,3.0,ЧехонтЭ,1,[],Терра,1,Секрет,Прогрессор; Sirena13; Терра; Fantomas_6508; Turist77755; ГМЖ; Листик_SPb; Инкогнито; Дионисий; Секрет-,https://polemicagame.com/match/575178,
575179,2026-05-20 11:43:43,match,4,14,3.0,ЧехонтЭ,0,[],Терра,1,Секрет,Sirena13; Fantomas_6508; ГМЖ; Секрет-; Листик_SPb; Прогрессор; Инкогнито; Терра; Дионисий; Turist77755,https://polemicagame.com/match/575179,
575180,2026-05-20 11:46:24,match,4,15,3.0,ЧехонтЭ,1,[],Дионисий,1,Секрет,Терра; Листик_SPb; Дионисий; Turist77755; Секрет-; ГМЖ; Fantomas_6508; Инкогнито; Sirena13; Прогрессор,https://polemicagame.com/match/575180,
575181,2026-05-20 11:49:27,match,4,16,3.0,ЧехонтЭ,1,[],Sirena13,1,Секрет,Секрет-; Turist77755; Инкогнито; Листик_SPb; Fantomas_6508; Прогрессор; Дионисий; Sirena13; ГМЖ; Терра,https://polemicagame.com/match/575181,
574834,2026-05-20 12:00:00,match,1,55,3.0,Пиджак,1,343,Размен,4,Ластхиро; Macarena; Секрет; Марипоса,Воробушек; Айра.; Орочимару; Juls; Марипоса; Macarena; Ластхиро; Вальхалла; Секрет-; Размен,https://polemicagame.com/match/574834,
574835,2026-05-20 13:00:00,match,1,56,3.0,Пиджак,1,4279,Juls,4,Ластхиро; Macarena; Секрет; Марипоса,Ластхиро; Macarena; Juls; Орочимару; Воробушек; Вальхалла; Размен; Секрет-; Айра.; Марипоса,https://polemicagame.com/match/574835,
575172,2026-05-20 19:10:00,match,1,13,3.0,ЧехонтЭ,1,144354,Sirena13,1,Секрет,Прогрессор; Sirena13; Терра; Fantomas_6508; Turist77755; ГМЖ; Листик_SPb; Инкогнито; Дионисий; Секрет-,https://polemicagame.com/match/575172,
575173,2026-05-20 20:10:00,match,1,14,3.0,ЧехонтЭ,0,109188,Терра,1,Секрет,Sirena13; Fantomas_6508; ГМЖ; Секрет-; Листик_SPb; Прогрессор; Инкогнито; Терра; Дионисий; Turist77755,https://polemicagame.com/match/575173,
575174,2026-05-20 21:10:00,match,1,15,3.0,ЧехонтЭ,1,88154,Дионисий,1,Секрет,Терра; Листик_SPb; Дионисий; Turist77755; Секрет-; ГМЖ; Fantomas_6508; Инкогнито; Sirena13; Прогрессор,https://polemicagame.com/match/575174,
575175,2026-05-20 22:10:00,match,1,16,3.0,ЧехонтЭ,1,98814,Sirena13,1,Секрет,Секрет-; Turist77755; Инкогнито; Листик_SPb; Fantomas_6508; Прогрессор; Дионисий; Sirena13; ГМЖ; Терра,https://polemicagame.com/match/575175,
575743,2026-05-22 10:00:00,match,1,65,3.0,Пиджак,1,1249,Лисa,4,Кармин; Axeon; Лиса; Д. Колбасенко,MadCat; Axeon; Nevesta; Country; Лисa; Irukan; Кармин; Мёдоед; Данил_Колбасенко; Urusta,https://polemicagame.com/match/575743,
575744,2026-05-22 11:00:00,match,1,66,3.0,Пиджак,1,86129,Urusta,4,Кармин; Axeon; Лиса; Д. Колбасенко,Urusta; Nevesta; Лисa; Axeon; Данил_Колбасенко; MadCat; Country; Кармин; Irukan; Мёдоед,https://polemicagame.com/match/575744,
575745,2026-05-22 12:00:00,match,1,67,3.0,Пиджак,1,18211,Irukan,4,Кармин; Axeon; Лиса; Д. Колбасенко,Данил_Колбасенко; Axeon; Urusta; Country; Nevesta; MadCat; Irukan; Мёдоед; Кармин; Лисa,https://polemicagame.com/match/575745,
575746,2026-05-22 13:00:00,match,1,68,3.0,Пиджак,1,86129,Nevesta,4,Кармин; Axeon; Лиса; Д. Колбасенко,Кармин; MadCat; Nevesta; Данил_Колбасенко; Лисa; Axeon; Urusta; Country; Irukan; Мёдоед,https://polemicagame.com/match/575746,
577183,2026-05-24 00:22:31,match,1,1,3.0,Лисa,1,84683,Лекc,2,Кармин; Белладонна,Пересмешница; chimik; Проигрыватель; Лекc; Филологz; Несострел; Белладонна; Куб; Кармин; MyOwnSavage,https://polemicagame.com/match/577183,
577185,2026-05-24 00:22:31,match,2,2,3.0,Mышьяк,1,128567,Пересмешница,1,Белладонна,Проигрыватель; Пересмешница; Куб; Homych; Улыбкa; Окабе; Vitek Solo; Ллирик; Белладонна; Лекc,https://polemicagame.com/match/577185,
577186,2026-05-24 00:22:31,match,1,2,3.0,Лисa,0,64905,светочка),1,Кармин,Единорожка; logic_spb; Кармин; ronder; Арарат; светочка); MyOwnSavage; chimik; cheb_; т3мный принтс,https://polemicagame.com/match/577186,
577189,2026-05-24 00:22:31,match,1,3,3.0,Лисa,0,78295,cheb_,1,Белладонна,Филологz; cheb_; Foxx; светочка); Белладонна; Пересмешница; Куб; Drakon; ronder; Улыбкa,https://polemicagame.com/match/577189,
577190,2026-05-24 00:22:31,match,3,3,3.0,Accord,1,60797,Кармин,1,Кармин,Кармин; Ллирик; т3мный принтс; atom_tm; XXX Istrebitel mafii; sokl; Единорожка; Лекc; chimik; Ио,https://polemicagame.com/match/577190,
577191,2026-05-24 00:22:31,match,2,4,3.0,Mышьяк,1,73014,MyOwnSavage,1,Кармин,Улыбкa; Лекc; sokl; Куб; Сложный; Арарат; Кармин; светочка); MyOwnSavage; Окабе,https://polemicagame.com/match/577191,
577192,2026-05-24 00:22:32,match,1,4,3.0,Лисa,1,64905,chimik,1,Белладонна,chimik; ronder; Drakon; XXX Istrebitel mafii; Ио; Единорожка; Филологz; Homych; Vitek Solo; Белладонна,https://polemicagame.com/match/577192,
577196,2026-05-24 00:22:32,match,3,5,3.0,Accord,0,73014,atom_tm,1,Белладонна,Vitek Solo; atom_tm; Лекc; cheb_; chimik; logic_spb; sokl; Белладонна; pochemyyazdes; Проигрыватель,https://polemicagame.com/match/577196,
577198,2026-05-24 00:22:32,match,1,6,3.0,Лисa,1,123391,Арарат,2,Кармин; Белладонна,Арарат; Кармин; Белладонна; Vitek Solo; дальтоник2.0; Foxx; Несострел; Улыбкa; Лекc; Drakon,https://polemicagame.com/match/577198,
577200,2026-05-24 00:22:32,match,2,7,3.0,Mышьяк,0,70516,Окабе,1,Кармин,Drakon; Окабе; Единорожка; Кармин; Генрих; Проигрыватель; т3мный принтс; XXX Istrebitel mafii; Пересмешница; cheb_,https://polemicagame.com/match/577200,
577201,2026-05-24 00:22:32,match,1,7,3.0,Лисa,0,60797,Белладонна,1,Белладонна,sokl; Улыбкa; pochemyyazdes; MyOwnSavage; Ллирик; Белладонна; logic_spb; Vitek Solo; Несострел; ronder,https://polemicagame.com/match/577201,
577204,2026-05-24 00:22:33,match,1,8,3.0,Лисa,1,73500,MyOwnSavage,1,Кармин,MyOwnSavage; Homych; chimik; Улыбкa; Кармин; XXX Istrebitel mafii; Drakon; Единорожка; Foxx; atom_tm,https://polemicagame.com/match/577204,
577205,2026-05-24 00:22:33,match,3,8,3.0,Accord,1,84683,Окабе,1,Белладонна,т3мный принтс; Белладонна; Несострел; Генрих; logic_spb; Лекc; ronder; Окабе; Проигрыватель; Филологz,https://polemicagame.com/match/577205,
577317,2026-05-24 12:15:00,match,1,17,3.0,Nevesta,0,51777,Оладуш,1,Вега,peg4s; Оладуш; Куртка Бейн; Talisman; ЧехонтЭ; Вега; Сан-Франциско; SheyWost; Искра; Enigma_Spb,https://polemicagame.com/match/577317,
577318,2026-05-24 13:15:00,match,1,18,3.0,Nevesta,1,74136,peg4s,1,Вега,SheyWost; Сан-Франциско; Вега; Оладуш; peg4s; Куртка Бейн; Enigma_Spb; ЧехонтЭ; Искра; Talisman,https://polemicagame.com/match/577318,
577319,2026-05-24 14:15:00,match,1,19,3.0,Nevesta,0,92089,ЧехонтЭ,1,Вега,ЧехонтЭ; Оладуш; Talisman; SheyWost; Сан-Франциско; Вега; Искра; peg4s; Enigma_Spb; Куртка Бейн,https://polemicagame.com/match/577319,
577320,2026-05-24 15:15:00,match,1,20,3.0,Nevesta,0,79731,Куртка Бейн,1,Вега,Оладуш; ЧехонтЭ; Куртка Бейн; Сан-Франциско; Вега; SheyWost; peg4s; Talisman; Искра; Enigma_Spb,https://polemicagame.com/match/577320,
577472,2026-05-24 16:09:06,match,1,5,3.0,Лисa,0,68210,XXX Istrebitel mafii,1,Кармин,Сложный; XXX Istrebitel mafii; Окабе; Foxx; т3мный принтс; ronder; Арарат; MyOwnSavage; Генрих; Кармин,https://polemicagame.com/match/577472,
578026,2026-05-26 10:00:00,match,1,57,3.0,azalea,1,84683,Размен,4,avomarika; Macarena; Белладонна; Марипоса,Марипоса; Macarena; Любезный; avomarika; Doc.; Ллирик; Вальхалла; Saint-P; Белладонна; Размен,https://polemicagame.com/match/578026,
578027,2026-05-26 11:00:00,match,1,58,3.0,azalea,0,70253,Ллирик,4,avomarika; Macarena; Белладонна; Марипоса,Вальхалла; Белладонна; Любезный; Размен; Doc.; avomarika; Ллирик; Macarena; Марипоса; Saint-P,https://polemicagame.com/match/578027,
578028,2026-05-26 12:00:00,match,1,59,3.0,azalea,0,396,Doc.,4,avomarika; Macarena; Белладонна; Марипоса,Марипоса; Ллирик; Doc.; Macarena; Вальхалла; Любезный; avomarika; Saint-P; Размен; Белладонна,https://polemicagame.com/match/578028,
578029,2026-05-26 13:00:00,match,1,60,3.0,azalea,0,4279,Saint-P,4,avomarika; Macarena; Белладонна; Марипоса,Вальхалла; Любезный; Saint-P; Ллирик; Марипоса; Doc.; Размен; Macarena; Белладонна; avomarika,https://polemicagame.com/match/578029,
578559,2026-05-27 18:11:31,match,1,60,3.0,atom_tm,1,144443,ronder,1,Story,Vitek Solo; Сандал; Story; StronGlav; Hyodoru; Филологz; Krupliz; Accord; ronder; Healer,https://polemicagame.com/match/578559,
578593,2026-05-27 19:00:56,match,1,61,3.0,Птыц.,1,86626,Krupliz,1,Story,Accord; Клянусь я красный; Сандал; т3мный принтс; Филологz; Story; Vitek Solo; StronGlav; Krupliz; XXX Istrebitel mafii,https://polemicagame.com/match/578593,
578501,2026-05-27 20:00:00,match,1,18,3.0,Stereo,1,88154,Fantomas_6508,1,Секрет,Overlordff; Sirena13; Fantomas_6508; Прогрессор; Терра; Turist77755; Дионисий; Секрет-; logic_spb; Инкогнито,https://polemicagame.com/match/578501,
578645,2026-05-27 20:19:12,match,1,17,3.0,Stereo,0,109188,Секрет-,1,Секрет,Sirena13; Fantomas_6508; Прогрессор; Инкогнито; Секрет-; Turist77755; Терра; Overlordff; Дионисий; logic_spb,https://polemicagame.com/match/578645,
578672,2026-05-27 20:55:47,match,1,63,3.0,Птыц.,1,144443,XXX Istrebitel mafii,1,Story,Story; Сандал; Accord; Филологz; Vitek Solo; т3мный принтс; Healer; Krupliz; XXX Istrebitel mafii; StronGlav,https://polemicagame.com/match/578672,
578502,2026-05-27 21:00:00,match,1,19,3.0,Stereo,1,144354,Turist77755,1,Секрет,Дионисий; Overlordff; Прогрессор; Turist77755; Терра; Fantomas_6508; Инкогнито; Sirena13; Секрет-; logic_spb,https://polemicagame.com/match/578502,
578503,2026-05-27 22:00:00,match,1,20,3.0,Stereo,1,98814,Fantomas_6508,1,Секрет,Терра; Sirena13; Overlordff; Turist77755; Fantomas_6508; Инкогнито; Прогрессор; logic_spb; Дионисий; Секрет-,https://polemicagame.com/match/578503,
579967,2026-05-29 19:34:52,match,1,1,3.0,Лисa,1,71172,Секрет-,2,Секрет; Д. Колбасенко,Гера1; Незабудочная; Данил_Колбасенко; Секрет-; Филологz; sokl; Doc.; ronder; moonlight from spb; Доктор_Ливси,https://polemicagame.com/match/579967,
579968,2026-05-29 19:34:52,match,2,1,3.0,atom_tm,0,84683,Марипоса,3,avomarika; Белладонна; Марипоса,Марипоса; botinok_; Белладонна; StronGlav; avomarika; Мелисса); JTH; Парадокс2727; Мёдоед; Пятачок,https://polemicagame.com/match/579968,
579969,2026-05-29 19:34:52,match,3,1,3.0,Кармин,1,48788,Ластхиро,2,Ластхиро; Story,Генрих; Urusta; Сложный; Ллирик; Story; MadCat; Baj0ra; Sol invictus; Размен; Ластхиро,https://polemicagame.com/match/579969,
579970,2026-05-29 19:34:52,match,1,2,3.0,Лисa,1,343,Мелисса),3,Ластхиро; Секрет; Д. Колбасенко,Секрет-; Гера1; Doc.; Данил_Колбасенко; sokl; ronder; Мелисса); Urusta; Ластхиро; Baj0ra,https://polemicagame.com/match/579970,
579972,2026-05-29 19:34:52,match,3,2,3.0,Кармин,0,18211,Story,4,Story; avomarika; Белладонна; Марипоса,Story; Марипоса; Незабудочная; botinok_; Белладонна; Генрих; Мёдоед; avomarika; Пятачок; MadCat,https://polemicagame.com/match/579972,
579973,2026-05-29 19:34:52,match,1,3,3.0,Лисa,1,48788,Данил_Колбасенко,1,Д. Колбасенко,Незабудочная; Данил_Колбасенко; Филологz; Мёдоед; botinok_; StronGlav; Ллирик; Doc.; Baj0ra; sokl,https://polemicagame.com/match/579973,
579974,2026-05-29 19:34:52,match,2,3,3.0,atom_tm,1,4807,MadCat,3,Ластхиро; Story; Белладонна,MadCat; Генрих; Гера1; Белладонна; Размен; Story; Доктор_Ливси; Ластхиро; Sol invictus; JTH,https://polemicagame.com/match/579974,
579975,2026-05-29 19:34:52,match,3,3,3.0,Кармин,1,20450,Сложный,3,avomarika; Секрет; Марипоса,Urusta; Мелисса); Марипоса; Сложный; Секрет-; avomarika; ronder; Пятачок; Парадокс2727; moonlight from spb,https://polemicagame.com/match/579975,
579976,2026-05-29 19:34:52,match,1,4,3.0,Лисa,1,68210,Марипоса,4,Story; avomarika; Секрет; Марипоса,Сложный; Секрет-; Мелисса); Марипоса; Незабудочная; Доктор_Ливси; botinok_; Размен; Story; avomarika,https://polemicagame.com/match/579976,
579977,2026-05-29 19:34:52,match,2,4,3.0,atom_tm,1,54555,Sol invictus,1,Ластхиро,Sol invictus; Doc.; Генрих; Baj0ra; Пятачок; moonlight from spb; Ластхиро; MadCat; JTH; Urusta,https://polemicagame.com/match/579977,
579978,2026-05-29 19:34:52,match,3,4,3.0,Кармин,1,60797,sokl,2,Белладонна; Д. Колбасенко,Парадокс2727; Мёдоед; sokl; Гера1; Данил_Колбасенко; Белладонна; Филологz; StronGlav; ronder; Ллирик,https://polemicagame.com/match/579978,
579979,2026-05-29 19:34:52,match,1,5,3.0,Лисa,0,18211,Мёдоед,2,Ластхиро; Секрет,Baj0ra; JTH; Секрет-; ronder; Ластхиро; botinok_; StronGlav; Доктор_Ливси; Ллирик; Мёдоед,https://polemicagame.com/match/579979,
579980,2026-05-29 19:34:52,match,2,5,3.0,atom_tm,0,71172,Белладонна,3,avomarika; Белладонна; Д. Колбасенко,Белладонна; Sol invictus; Urusta; Незабудочная; Генрих; Данил_Колбасенко; Пятачок; Филологz; avomarika; Doc.,https://polemicagame.com/match/579980,
579981,2026-05-29 19:34:52,match,3,5,3.0,Кармин,1,68210,MadCat,2,Story; Марипоса,sokl; Story; Размен; moonlight from spb; Гера1; Марипоса; Сложный; Мелисса); MadCat; Парадокс2727,https://polemicagame.com/match/579981,
579982,2026-05-29 19:34:52,match,1,6,3.0,Лисa,1,86000,Размен,3,Story; avomarika; Белладонна,moonlight from spb; Размен; avomarika; Филологz; ronder; Гера1; Незабудочная; botinok_; Белладонна; Story,https://polemicagame.com/match/579982,
579983,2026-05-29 19:34:52,match,2,6,3.0,atom_tm,1,20450,Данил_Колбасенко,3,Ластхиро; Д. Колбасенко; Марипоса,Doc.; MadCat; Sol invictus; Ластхиро; Марипоса; Парадокс2727; Данил_Колбасенко; JTH; sokl; Мелисса),https://polemicagame.com/match/579983,
579984,2026-05-29 19:34:52,match,3,6,3.0,Кармин,1,48788,Доктор_Ливси,1,Секрет,Пятачок; Baj0ra; Доктор_Ливси; Urusta; Мёдоед; Секрет-; Генрих; Ллирик; Сложный; StronGlav,https://polemicagame.com/match/579984,
579986,2026-05-29 19:34:52,match,2,7,3.0,atom_tm,0,88154,avomarika,4,Story; avomarika; Белладонна; Секрет,Доктор_Ливси; Белладонна; Story; avomarika; MadCat; Ллирик; Гера1; Секрет-; Urusta; Филологz,https://polemicagame.com/match/579986,
579987,2026-05-29 19:34:52,match,3,7,3.0,Кармин,0,4807,Размен,3,Ластхиро; Д. Колбасенко; Марипоса,Мёдоед; sokl; Пятачок; Размен; Baj0ra; Ластхиро; Марипоса; Незабудочная; Данил_Колбасенко; Sol invictus,https://polemicagame.com/match/579987,
579988,2026-05-29 19:34:52,match,1,8,3.0,Лисa,0,60797,Данил_Колбасенко,3,Story; Д. Колбасенко; Марипоса,Данил_Колбасенко; Ллирик; Мёдоед; Sol invictus; moonlight from spb; Филологz; Story; Марипоса; Незабудочная; ronder,https://polemicagame.com/match/579988,
579989,2026-05-29 19:34:52,match,2,8,3.0,atom_tm,0,48788,Мелисса),1,Белладонна,Мелисса); Парадокс2727; Baj0ra; Генрих; JTH; Urusta; Размен; Гера1; botinok_; Белладонна,https://polemicagame.com/match/579989,
579990,2026-05-29 19:34:52,match,3,8,3.0,Кармин,0,68210,Ластхиро,3,Ластхиро; avomarika; Секрет,avomarika; Пятачок; Ластхиро; sokl; Доктор_Ливси; Doc.; MadCat; Сложный; StronGlav; Секрет-,https://polemicagame.com/match/579990,
579991,2026-05-29 19:34:52,match,1,9,3.0,Лисa,1,60797,Пятачок,2,Ластхиро; Д. Колбасенко,Ластхиро; ronder; Ллирик; Пятачок; Sol invictus; Сложный; Мелисса); Urusta; Генрих; Данил_Колбасенко,https://polemicagame.com/match/579991,
579992,2026-05-29 19:34:52,match,2,9,3.0,atom_tm,1,20450,Белладонна,1,Белладонна,Размен; Доктор_Ливси; Парадокс2727; MadCat; JTH; Мёдоед; StronGlav; Baj0ra; Белладонна; botinok_,https://polemicagame.com/match/579992,
579993,2026-05-29 19:34:52,match,3,9,3.0,Кармин,0,71172,moonlight from spb,4,Story; avomarika; Секрет; Марипоса,Секрет-; moonlight from spb; Филологz; Story; Гера1; Незабудочная; avomarika; sokl; Doc.; Марипоса,https://polemicagame.com/match/579993,
579994,2026-05-29 19:34:52,match,1,10,3.0,Лисa,1,611,Марипоса,3,avomarika; Секрет; Марипоса,JTH; avomarika; atom_tm; Незабудочная; StronGlav; Пятачок; Sol invictus; Марипоса; Секрет-; Генрих,https://polemicagame.com/match/579994,
579995,2026-05-29 19:34:52,match,2,10,3.0,atom_tm,0,84683,Белладонна,2,Ластхиро; Белладонна,sokl; Ластхиро; moonlight from spb; Доктор_Ливси; Парадокс2727; Размен; Urusta; Белладонна; Филологz; Гера1,https://polemicagame.com/match/579995,
579996,2026-05-29 19:34:52,match,3,10,3.0,Кармин,1,68210,Baj0ra,2,Story; Д. Колбасенко,Ллирик; ronder; MadCat; Мелисса); Story; Baj0ra; Данил_Колбасенко; Мёдоед; Сложный; Doc.,https://polemicagame.com/match/579996,
580777,2026-06-01 10:00:00,match,1,1,3.0,Лисa,1,60805,Белладонна,5,Ластхиро; avomarika; Белладонна; Д. Колбасенко; Марипоса,Пятачок; Размен; Незабудочная; Urusta; Белладонна; moonlight from spb; Марипоса; Данил_Колбасенко; Ластхиро; avomarika,https://polemicagame.com/match/580777,
580778,2026-06-01 11:00:00,match,1,2,3.0,Лисa,0,111020,Urusta,5,Ластхиро; avomarika; Белладонна; Д. Колбасенко; Марипоса,Данил_Колбасенко; Марипоса; Urusta; Пятачок; avomarika; Ластхиро; moonlight from spb; Незабудочная; Белладонна; Размен,https://polemicagame.com/match/580778,
580779,2026-06-01 12:00:00,match,1,3,3.0,Лисa,0,343,Размен,5,Ластхиро; avomarika; Белладонна; Д. Колбасенко; Марипоса,moonlight from spb; Urusta; Размен; Белладонна; Ластхиро; Незабудочная; avomarika; Марипоса; Пятачок; Данил_Колбасенко,https://polemicagame.com/match/580779,
580780,2026-06-01 13:00:00,match,1,4,3.0,Лисa,1,111020,Белладонна,5,Ластхиро; avomarika; Белладонна; Д. Колбасенко; Марипоса,Белладонна; Ластхиро; Незабудочная; Марипоса; Размен; moonlight from spb; Urusta; Данил_Колбасенко; avomarika; Пятачок,https://polemicagame.com/match/580780,
580781,2026-06-01 14:00:00,match,1,5,3.0,Лисa,1,4807,Пятачок,5,Ластхиро; avomarika; Белладонна; Д. Колбасенко; Марипоса,avomarika; Размен; Белладонна; Urusta; Данил_Колбасенко; Пятачок; moonlight from spb; Незабудочная; Ластхиро; Марипоса,https://polemicagame.com/match/580781,
580782,2026-06-01 15:00:00,match,1,6,3.0,Лисa,1,343,Незабудочная,5,Ластхиро; avomarika; Белладонна; Д. Колбасенко; Марипоса,Пятачок; Urusta; moonlight from spb; Ластхиро; avomarika; Белладонна; Марипоса; Данил_Колбасенко; Незабудочная; Размен,https://polemicagame.com/match/580782,
580783,2026-06-01 16:00:00,match,1,7,3.0,Лисa,1,111020,avomarika,5,Ластхиро; avomarika; Белладонна; Д. Колбасенко; Марипоса,moonlight from spb; Незабудочная; Размен; Данил_Колбасенко; Белладонна; Пятачок; Urusta; avomarika; Марипоса; Ластхиро,https://polemicagame.com/match/580783,
581919,2026-06-03 10:00:00,match,1,1,3.0,MOSSAD,1,59177,Пифагор,1,ФДМ,Пифагор; Лисëнок; feat4ever; Фанат Фреско; смажьте мясо маслом; godmaf//; Iron; Kev; тюленьчик; ФДМ,https://polemicagame.com/match/581919,
581920,2026-06-03 11:00:00,match,1,2,3.0,MOSSAD,1,116634,Kev,1,ФДМ,godmaf//; Kev; смажьте мясо маслом; Фанат Фреско; feat4ever; ФДМ; тюленьчик; Пифагор; Iron; Лисëнок,https://polemicagame.com/match/581920,
582222,2026-06-03 11:10:22,match,4,17,3.0,Dmitry_st,0,[],Секрет-,1,Секрет,Sirena13; Fantomas_6508; Прогрессор; Инкогнито; Секрет-; Turist77755; Терра; Overlordff; Дионисий; logic_spb,https://polemicagame.com/match/582222,
582223,2026-06-03 11:11:33,match,4,18,3.0,Dmitry_st,1,[],Прогрессор,1,Секрет,Overlordff; Sirena13; Fantomas_6508; Прогрессор; Терра; Turist77755; Дионисий; Секрет-; logic_spb; Инкогнито,https://polemicagame.com/match/582223,
582224,2026-06-03 11:13:23,match,4,19,3.0,Dmitry_st,1,[],Turist77755,1,Секрет,Дионисий; Overlordff; Прогрессор; Turist77755; Терра; Fantomas_6508; Инкогнито; Sirena13; Секрет-; logic_spb,https://polemicagame.com/match/582224,
582225,2026-06-03 11:14:38,match,4,20,3.0,Dmitry_st,1,[],Fantomas_6508,1,Секрет,Терра; Sirena13; Overlordff; Turist77755; Fantomas_6508; Инкогнито; Прогрессор; logic_spb; Дионисий; Секрет-,https://polemicagame.com/match/582225,
582231,2026-06-03 11:34:22,match,3,17,3.0,Dmitry_st,0,[],Оладуш,1,Вега,peg4s; Оладуш; Куртка Бейн; Talisman; ЧехонтЭ; Вега; Сан-Франциско; SheyWost; Искра; Enigma_Spb,https://polemicagame.com/match/582231,
582233,2026-06-03 11:37:08,match,3,18,3.0,Dmitry_st,1,[],Talisman,1,Вега,SheyWost; Сан-Франциско; Вега; Оладуш; peg4s; Куртка Бейн; Enigma_Spb; ЧехонтЭ; Искра; Talisman,https://polemicagame.com/match/582233,
582235,2026-06-03 11:38:33,match,3,19,3.0,Dmitry_st,0,[],Вега,1,Вега,ЧехонтЭ; Оладуш; Talisman; SheyWost; Сан-Франциско; Вега; Искра; peg4s; Enigma_Spb; Куртка Бейн,https://polemicagame.com/match/582235,
582238,2026-06-03 11:39:44,match,3,20,3.0,Dmitry_st,0,[],Enigma_Spb,1,Вега,Оладуш; ЧехонтЭ; Куртка Бейн; Сан-Франциско; Вега; SheyWost; peg4s; Talisman; Искра; Enigma_Spb,https://polemicagame.com/match/582238,
581921,2026-06-03 12:00:00,match,1,3,3.0,MOSSAD,1,90292,Фанат Фреско,1,ФДМ,Лисëнок; Фанат Фреско; feat4ever; Iron; Kev; тюленьчик; godmaf//; смажьте мясо маслом; ФДМ; Пифагор,https://polemicagame.com/match/581921,
581922,2026-06-03 13:00:00,match,1,4,3.0,MOSSAD,0,1306,Фанат Фреско,1,ФДМ,Пифагор; Лисëнок; Фанат Фреско; Kev; Iron; ФДМ; тюленьчик; godmaf//; feat4ever; смажьте мясо маслом,https://polemicagame.com/match/581922,
581923,2026-06-03 14:00:00,match,1,5,3.0,MOSSAD,0,66899,Лисëнок,1,ФДМ,ФДМ; feat4ever; Фанат Фреско; godmaf//; Пифагор; смажьте мясо маслом; Лисëнок; Kev; тюленьчик; Iron,https://polemicagame.com/match/581923,
583488,2026-06-07 10:00:00,match,1,1,3.0,Пиджак,0,74059,Кармин,3,Кармин; Axeon; Лиса,Кармин; Irukan; Axeon; Яблоко; Country; Urusta; Stereo; Лисa; Nevesta; WELSH,https://polemicagame.com/match/583488,
583489,2026-06-07 11:00:00,match,1,2,3.0,Пиджак,0,60797,Nevesta,2,Кармин; Axeon,Urusta; Axeon; WELSH; Country; Stereo; Ллирик; Nevesta; Яблоко; Irukan; Кармин,https://polemicagame.com/match/583489,
583490,2026-06-07 12:00:00,match,1,3,3.0,Пиджак,1,76145,Рус,2,Кармин; Axeon,Nevesta; Рус; Кармин; Axeon; Urusta; Ллирик; Яблоко; Stereo; WELSH; Irukan,https://polemicagame.com/match/583490,
583491,2026-06-07 13:00:00,match,1,4,3.0,Пиджак,1,74059,Country,2,Кармин; Лиса,Кармин; Country; Nevesta; Stereo; Яблоко; WELSH; Ллирик; Irukan; Лисa; Рус,https://polemicagame.com/match/583491,
583492,2026-06-07 14:00:00,match,1,5,3.0,Пиджак,1,76145,Stereo,2,Кармин; Лиса,Ллирик; Country; Рус; Лисa; Stereo; Irukan; Яблоко; Кармин; Urusta; WELSH,https://polemicagame.com/match/583492,
583493,2026-06-07 15:00:00,match,1,6,3.0,Пиджак,1,86129,Кармин,3,Кармин; Axeon; Лиса,Кармин; Axeon; Яблоко; Лисa; Country; Irukan; Nevesta; Ллирик; Рус; Urusta,https://polemicagame.com/match/583493,
583494,2026-06-07 16:00:00,match,1,7,3.0,Пиджак,1,70516,Axeon,3,Кармин; Axeon; Лиса,Urusta; Axeon; Nevesta; Рус; Кармин; Ллирик; Country; Лисa; Яблоко; Irukan,https://polemicagame.com/match/583494,
583495,2026-06-07 17:00:00,match,1,8,3.0,Пиджак,1,1249,Urusta,3,Кармин; Axeon; Лиса,Яблоко; Urusta; Рус; Irukan; Axeon; Лисa; Stereo; WELSH; Кармин; Country,https://polemicagame.com/match/583495,
583496,2026-06-07 18:00:00,match,1,9,3.0,Пиджак,0,74059,WELSH,3,Кармин; Axeon; Лиса,Яблоко; Лисa; Рус; Country; Stereo; WELSH; Ллирик; Axeon; Кармин; Nevesta,https://polemicagame.com/match/583496,
583497,2026-06-07 19:00:00,match,1,10,3.0,Пиджак,1,74059,Яблоко,3,Кармин; Axeon; Лиса,Яблоко; Лисa; Ллирик; Nevesta; Urusta; Axeon; WELSH; Кармин; Рус; Stereo,https://polemicagame.com/match/583497,
583498,2026-06-07 20:00:00,match,1,11,3.0,Пиджак,0,1249,Country,2,Axeon; Лиса,Рус; Лисa; Urusta; Axeon; Irukan; Country; Stereo; WELSH; Nevesta; Ллирик,https://polemicagame.com/match/583498,
583499,2026-06-07 21:00:00,match,1,12,3.0,Пиджак,1,60797,Stereo,2,Axeon; Лиса,Irukan; Ллирик; Nevesta; WELSH; Country; Stereo; Рус; Urusta; Лисa; Axeon,https://polemicagame.com/match/583499,
584164,2026-06-08 10:00:00,match,1,1,3.0,azalea,1,749,Stereo,4,Фартушная; avomarika; Axeon; Белладонна,Рокса; Kaiser; Вальхалла; Кирюшкинс; shlyuba; Stereo; avomarika; Фартушная; Axeon; Белладонна,https://polemicagame.com/match/584164,
584475,2026-06-08 10:00:00,match,1,11,3.0,azalea,0,1302,Фартушная,5,Фартушная; Алёна; avomarika; Axeon; Белладонна,Stereo; Axeon; Фартушная; Белладонна; avomarika; Кирюшкинс; Alena78; Вальхалла; Рокса; Том,https://polemicagame.com/match/584475,
584165,2026-06-08 11:00:00,match,1,2,3.0,azalea,0,1302,Stereo,4,Фартушная; avomarika; Axeon; Белладонна,Stereo; avomarika; Белладонна; Вальхалла; Фартушная; shlyuba; Рокса; Axeon; Kaiser; Кирюшкинс,https://polemicagame.com/match/584165,
584476,2026-06-08 11:00:00,match,1,12,3.0,azalea,0,36696,Том,5,Фартушная; Алёна; avomarika; Axeon; Белладонна,Alena78; Фартушная; Кирюшкинс; Том; Axeon; Вальхалла; Рокса; avomarika; Белладонна; Stereo,https://polemicagame.com/match/584476,
584166,2026-06-08 12:00:00,match,1,3,3.0,azalea,0,36696,Том,5,Фартушная; Алёна; avomarika; Axeon; Белладонна,Axeon; Фартушная; Kaiser; Рокса; Том; avomarika; Alena78; Кирюшкинс; Белладонна; shlyuba,https://polemicagame.com/match/584166,
584167,2026-06-08 13:00:00,match,1,4,3.0,azalea,1,471,Alena78,4,Алёна; avomarika; Axeon; Белладонна,avomarika; Вальхалла; shlyuba; Том; Alena78; Белладонна; Рокса; Axeon; Kaiser; Stereo,https://polemicagame.com/match/584167,
584168,2026-06-08 14:00:00,match,1,5,3.0,azalea,1,36696,Stereo,3,Фартушная; Алёна; Белладонна,Кирюшкинс; Stereo; Alena78; Белладонна; Рокса; Kaiser; Вальхалла; Фартушная; shlyuba; Том,https://polemicagame.com/match/584168,
584169,2026-06-08 15:00:00,match,1,6,3.0,azalea,1,1302,Stereo,4,Фартушная; Алёна; avomarika; Axeon,shlyuba; Том; Stereo; Фартушная; Kaiser; Alena78; Axeon; avomarika; Кирюшкинс; Вальхалла,https://polemicagame.com/match/584169,
584170,2026-06-08 16:00:00,match,1,7,3.0,azalea,1,60805,Alena78,4,Фартушная; Алёна; avomarika; Axeon,shlyuba; Вальхалла; Alena78; Кирюшкинс; avomarika; Том; Axeon; Фартушная; Stereo; Kaiser,https://polemicagame.com/match/584170,
584171,2026-06-08 17:00:00,match,1,8,3.0,azalea,1,60805,Kaiser,4,Фартушная; Алёна; avomarika; Белладонна,Том; Kaiser; avomarika; Кирюшкинс; Белладонна; Вальхалла; shlyuba; Рокса; Alena78; Фартушная,https://polemicagame.com/match/584171,
584172,2026-06-08 18:00:00,match,1,9,3.0,azalea,0,4279,Том,3,Алёна; Axeon; Белладонна,Вальхалла; Axeon; Том; Кирюшкинс; shlyuba; Alena78; Белладонна; Stereo; Kaiser; Рокса,https://polemicagame.com/match/584172,
584173,2026-06-08 19:00:00,match,1,10,3.0,azalea,1,36696,Рокса,5,Фартушная; Алёна; avomarika; Axeon; Белладонна,Axeon; Alena78; Белладонна; Stereo; avomarika; Рокса; Kaiser; Фартушная; Том; shlyuba,https://polemicagame.com/match/584173,
584717,2026-06-08 19:00:00,match,1,1,3.0,Juls,0,80225,Urusta,3,Axeon; Лиса; Д. Колбасенко,WELSH; Demi; Urusta; Оладуш; Лисa; Данил_Колбасенко; paster; Axeon; Яблоко; Nevesta,https://polemicagame.com/match/584717,
584718,2026-06-08 20:00:00,match,1,2,3.0,Juls,1,86129,Axeon,3,Axeon; Лиса; Д. Колбасенко,Demi; Яблоко; WELSH; Nevesta; Axeon; Urusta; Данил_Колбасенко; Лисa; paster; Оладуш,https://polemicagame.com/match/584718,
584719,2026-06-08 21:00:00,match,1,3,3.0,Juls,1,76145,Оладуш,3,Axeon; Лиса; Д. Колбасенко,Данил_Колбасенко; WELSH; paster; Яблоко; Nevesta; Urusta; Оладуш; Demi; Axeon; Лисa,https://polemicagame.com/match/584719,
584720,2026-06-08 22:00:00,match,1,4,3.0,Juls,1,70666,Demi,3,Axeon; Лиса; Д. Колбасенко,Urusta; Axeon; Demi; paster; Яблоко; Лисa; Nevesta; WELSH; Данил_Колбасенко; Оладуш,https://polemicagame.com/match/584720,
584721,2026-06-08 23:00:00,match,1,5,3.0,Juls,1,88950,Оладуш,3,Axeon; Лиса; Д. Колбасенко,Axeon; Urusta; Данил_Колбасенко; Оладуш; Яблоко; Лисa; Demi; Nevesta; paster; WELSH,https://polemicagame.com/match/584721,
585231,2026-06-09 19:00:00,match,1,6,3.0,Juls,1,70666,Лисa,3,Axeon; Лиса; Д. Колбасенко,Nevesta; paster; Лисa; WELSH; Яблоко; Оладуш; Данил_Колбасенко; Axeon; Demi; Urusta,https://polemicagame.com/match/585231,
585232,2026-06-09 20:00:00,match,1,7,3.0,Juls,1,76145,Данил_Колбасенко,3,Axeon; Лиса; Д. Колбасенко,Оладуш; Demi; Яблоко; Nevesta; WELSH; Лисa; Данил_Колбасенко; paster; Urusta; Axeon,https://polemicagame.com/match/585232,
585233,2026-06-09 21:00:00,match,1,8,3.0,Juls,1,65077,Оладуш,3,Axeon; Лиса; Д. Колбасенко,Данил_Колбасенко; Лисa; paster; Nevesta; Demi; Axeon; Urusta; WELSH; Оладуш; Яблоко,https://polemicagame.com/match/585233,
585234,2026-06-09 22:00:00,match,1,9,3.0,Juls,0,86129,Лисa,3,Axeon; Лиса; Д. Колбасенко,Urusta; Яблоко; paster; Оладуш; Данил_Колбасенко; WELSH; Лисa; Nevesta; Axeon; Demi,https://polemicagame.com/match/585234,
585235,2026-06-09 23:00:00,match,1,10,3.0,Juls,1,62881,Оладуш,3,Axeon; Лиса; Д. Колбасенко,Яблоко; paster; Данил_Колбасенко; Demi; Nevesta; Оладуш; Urusta; Axeon; Лисa; WELSH,https://polemicagame.com/match/585235,
586768,2026-06-12 23:00:00,match,1,1,3.0,Juls,1,60797,Romanoff,3,avomarika; Белладонна; Elric,WELSH; Белладонна; avomarika; г-н Sema; Romanoff; комик; Elric; Воробушек; Ллирик; Скорпионша ,https://polemicagame.com/match/586768,
586769,2026-06-12 23:00:00,match,2,1,3.0,Beltsky,0,15003,SheyWost,2,ФДМ; Вега,SheyWost; ФДМ; Вега; moonlight from spb; Птичка 23; Кирюшкинс; Homych; Dmitry_st; Rikso; Киса,https://polemicagame.com/match/586769,
586770,2026-06-13 00:00:00,match,1,2,3.0,Juls,1,1035,Белладонна,2,ФДМ; Белладонна,Киса; SheyWost; ФДМ; Белладонна; Homych; комик; Ллирик; Воробушек; moonlight from spb; Скорпионша ,https://polemicagame.com/match/586770,
586771,2026-06-13 00:00:00,match,2,2,3.0,Beltsky,0,72340,WELSH,3,avomarika; Вега; Elric,WELSH; avomarika; г-н Sema; Кирюшкинс; Elric; Romanoff; Dmitry_st; Rikso; Вега; Птичка 23,https://polemicagame.com/match/586771,
586772,2026-06-13 01:00:00,match,1,3,3.0,Juls,0,1306,Воробушек,4,ФДМ; avomarika; Белладонна; Elric,WELSH; Киса; Белладонна; SheyWost; ФДМ; Homych; Воробушек; avomarika; Скорпионша ; Elric,https://polemicagame.com/match/586772,
586773,2026-06-13 01:00:00,match,2,3,3.0,Beltsky,1,125488,Ллирик,1,Вега,комик; Romanoff; Птичка 23; Кирюшкинс; Ллирик; Вега; Dmitry_st; moonlight from spb; г-н Sema; Rikso,https://polemicagame.com/match/586773,
586774,2026-06-13 02:00:00,match,1,4,3.0,Juls,1,84683,ФДМ,3,ФДМ; avomarika; Белладонна,Ллирик; ФДМ; Воробушек; Белладонна; комик; Скорпионша ; Dmitry_st; avomarika; Rikso; moonlight from spb,https://polemicagame.com/match/586774,
586775,2026-06-13 02:00:00,match,2,4,3.0,Beltsky,1,596,г-н Sema,2,Вега; Elric,Кирюшкинс; SheyWost; Elric; WELSH; Вега; Homych; Птичка 23; Romanoff; Киса; г-н Sema,https://polemicagame.com/match/586775,
586776,2026-06-13 03:00:00,match,1,5,3.0,Juls,1,84683,Вега,3,avomarika; Вега; Белладонна,Птичка 23; Воробушек; Белладонна; Homych; Вега; Ллирик; avomarika; г-н Sema; Romanoff; SheyWost,https://polemicagame.com/match/586776,
586777,2026-06-13 03:00:00,match,2,5,3.0,Beltsky,1,596,WELSH,2,ФДМ; Elric,Скорпионша ; Rikso; Dmitry_st; ФДМ; Киса; Кирюшкинс; moonlight from spb; WELSH; Elric; комик,https://polemicagame.com/match/586777,
586778,2026-06-13 04:00:00,match,1,6,3.0,Juls,1,84683,Ллирик,3,Вега; Белладонна; Elric,Ллирик; Воробушек; Ментик; Вега; SheyWost; комик; Белладонна; Киса; Homych; Elric,https://polemicagame.com/match/586778,
586779,2026-06-13 04:00:00,match,2,6,3.0,Beltsky,1,76145,Лекc,4,avomarika; Кармин; Д. Колбасенко; Аномалия,WELSH; Кармин; Лекc; Dmitry_st; Anомалия; avomarika; г-н Sema; moonlight from spb; Скорпионша ; Данил_Колбасенко,https://polemicagame.com/match/586779,
586780,2026-06-13 05:00:00,match,1,7,3.0,Juls,0,2951,Ментик,1,Белладонна,WELSH; Ментик; Белладонна; г-н Sema; moonlight from spb; Dmitry_st; Ллирик; Воробушек; Скорпионша ; Лекc,https://polemicagame.com/match/586780,
586782,2026-06-13 05:00:00,match,2,7,3.0,Beltsky,0,60805,avomarika,6,avomarika; Кармин; Вега; Д. Колбасенко; Аномалия; Elric,avomarika; Кармин; SheyWost; Вега; комик; Anомалия; Киса; Данил_Колбасенко; Elric; Homych,https://polemicagame.com/match/586782,
586783,2026-06-13 06:00:00,match,1,8,3.0,Juls,1,64696,Вега,2,Вега; Аномалия,WELSH; Вега; moonlight from spb; комик; Pagoda; Киса; г-н Sema; Dmitry_st; Прогрессор; Anомалия,https://polemicagame.com/match/586783,
586784,2026-06-13 06:00:00,match,2,8,3.0,Beltsky,0,110064,avomarika,3,avomarika; Кармин; Elric,avomarika; Homych; Ментик; Lu; Кармин; Elric; Ллирик; Скорпионша ; SheyWost; Лекc,https://polemicagame.com/match/586784,
586785,2026-06-13 07:00:00,match,1,9,3.0,Juls,1,128567,moonlight from spb,1,Аномалия,Homych; Dmitry_st; Киса; Anомалия; moonlight from spb; Лекc; Прогрессор; SheyWost; Скорпионша ; Ллирик,https://polemicagame.com/match/586785,
586786,2026-06-13 07:00:00,match,2,9,3.0,Beltsky,0,110064,Elric,4,avomarika; Кармин; Вега; Elric,Lu; комик; Вега; Elric; WELSH; Кармин; Pagoda; avomarika; Ментик; г-н Sema,https://polemicagame.com/match/586786,
586787,2026-06-13 08:00:00,match,1,10,3.0,Juls,0,60805,Вега,3,avomarika; Вега; Elric,avomarika; Homych; SheyWost; moonlight from spb; Вега; Скорпионша ; Elric; Dmitry_st; г-н Sema; Pagoda,https://polemicagame.com/match/586787,
586788,2026-06-13 08:00:00,match,2,10,3.0,Beltsky,1,3229,WELSH,2,Кармин; Аномалия,WELSH; Кармин; Киса; Anомалия; Ментик; pevoon; Ллирик; Lu; Прогрессор; комик,https://polemicagame.com/match/586788,
586790,2026-06-13 09:00:00,match,2,11,3.0,Beltsky,0,36696,Macarena,3,Macarena; Кармин; Лиса,Macarena; Доктор_Ливси; Том; Кармин; Mирослав; Сложный; Lu; Лисa; .Мышь.; Прогрессор,https://polemicagame.com/match/586790,
586791,2026-06-13 10:00:00,match,1,12,3.0,Juls,1,98814,Орочимару,1,Кармин,Плюшка); Прогрессор; Ментик; .Мышь.; Госпожа Julie; Кармин; Доктор_Ливси; Том; Орочимару; Mирослав,https://polemicagame.com/match/586791,
586792,2026-06-13 10:00:00,match,2,12,3.0,Beltsky,1,70253,к0щей,2,Macarena; Лиса,Pagoda; Лисa; Saint-P; Doc.; Nevesta; к0щей; pevoon; Lu; Сложный; Macarena,https://polemicagame.com/match/586792,
586794,2026-06-13 11:00:00,match,2,13,3.0,Beltsky,1,36696,Doc.,3,Macarena; Кармин; Лиса,Ментик; Том; Macarena; Лисa; Кармин; Doc.; .Мышь.; Доктор_Ливси; Nevesta; pevoon,https://polemicagame.com/match/586794,
586795,2026-06-13 12:00:00,match,1,14,3.0,Juls,1,71172,Lu,1,Кармин,Doc.; Плюшка); Lu; Том; Доктор_Ливси; Прогрессор; Кармин; Сложный; Nevesta; Mирослав,https://polemicagame.com/match/586795,
586796,2026-06-13 12:00:00,match,2,14,3.0,Beltsky,0,70253,Saint-P,2,Macarena; Лиса,Saint-P; Macarena; pevoon; к0щей; Ментик; Hartmann; Госпожа Julie; Pagoda; Лисa; .Мышь.,https://polemicagame.com/match/586796,
586797,2026-06-13 13:00:00,match,1,15,3.0,Juls,0,68210,Pagoda,2,Macarena; Кармин,Pagoda; Doc.; Macarena; logic_spb; Прогрессор; Кармин; Saint-P; Доктор_Ливси; Госпожа Julie; Сложный,https://polemicagame.com/match/586797,
586799,2026-06-13 14:00:00,match,1,16,3.0,Juls,1,396,Pagoda,1,Axeon,Госпожа Julie; Mирослав; Demi; Pagoda; Доктор_Ливси; Прогрессор; Axeon; Saint-P; Romanoff; Lu,https://polemicagame.com/match/586799,
586801,2026-06-13 15:00:00,match,1,17,3.0,Juls,1,70253,Том,3,Macarena; Axeon; Марипоса,Macarena; Lu; logic_spb; Том; Romanoff; .Мышь.; Axeon; Марипоса; Доктор_Ливси; Сложный,https://polemicagame.com/match/586801,
586803,2026-06-13 16:00:00,match,1,18,3.0,Juls,0,1035,Воробушек,1,ФДМ,logic_spb; Воробушек; Птичка 23; Сложный; Плюшка); .Мышь.; ФДМ; Доктор_Ливси; Saint-P; Demi,https://polemicagame.com/match/586803,
586804,2026-06-13 16:00:00,match,2,18,3.0,Beltsky,0,36696,Госпожа Julie,2,Axeon; Марипоса,Talisman; к0щей; Марипоса; Mирослав; Госпожа Julie; Romanoff; Орочимару; Axeon; Baj0ra; Том,https://polemicagame.com/match/586804,
586805,2026-06-13 17:00:00,match,1,19,3.0,Juls,0,70253,Demi,1,Macarena,Demi; Baj0ra; Орочимару; Плюшка); Воробушек; Том; Macarena; Сложный; Госпожа Julie; .Мышь.,https://polemicagame.com/match/586805,
586806,2026-06-13 17:00:00,match,2,19,3.0,Beltsky,0,396,ФДМ,3,ФДМ; Axeon; Марипоса,ФДМ; Марипоса; logic_spb; Доктор_Ливси; Mирослав; Saint-P; к0щей; Птичка 23; Romanoff; Axeon,https://polemicagame.com/match/586806,
586808,2026-06-13 18:00:00,match,2,20,3.0,Beltsky,1,1306,Axeon,4,ФДМ; Macarena; Axeon; Марипоса,Госпожа Julie; Марипоса; Axeon; Mирослав; ФДМ; Saint-P; к0щей; Baj0ra; Macarena; logic_spb,https://polemicagame.com/match/586808,
586809,2026-06-13 19:00:00,match,1,21,3.0,Juls,1,4807,MadCat,1,Марипоса,logic_spb; MadCat; Размен; pevoon; Марипоса; Country; Орочимару; 23; Talisman; MIRS,https://polemicagame.com/match/586809,
586810,2026-06-13 19:00:00,match,2,21,3.0,Beltsky,0,65077,Рус,3,ФДМ; Axeon; Аномалия,Рус; ФДМ; Baj0ra; Любезный; Anомалия; Оладуш; Axeon; Nevesta; paster; Stereo,https://polemicagame.com/match/586810,
586811,2026-06-13 20:00:00,match,1,22,3.0,Juls,1,858,Country,3,ФДМ; Axeon; Марипоса,Country; Axeon; Оладуш; Размен; 23; Марипоса; ФДМ; Stereo; pevoon; Baj0ra,https://polemicagame.com/match/586811,
586812,2026-06-13 20:00:00,match,2,22,3.0,Beltsky,1,62569,MIRS,2,Macarena; Аномалия,MadCat; Nevesta; Любезный; MIRS; Macarena; Anомалия; paster; logic_spb; Орочимару; Рус,https://polemicagame.com/match/586812,
586813,2026-06-13 21:00:00,match,1,23,3.0,Juls,1,4807,Данил_Колбасенко,3,Axeon; Д. Колбасенко; Аномалия,Talisman; Axeon; Данил_Колбасенко; logic_spb; Любезный; Размен; Anомалия; Stereo; Demi; pevoon,https://polemicagame.com/match/586813,
586814,2026-06-13 21:00:00,match,2,23,3.0,Beltsky,1,858,Оладуш,1,Марипоса,paster; Рус; Baj0ra; MIRS; 23; MadCat; Марипоса; Оладуш; Country; Hartmann,https://polemicagame.com/match/586814,
587484,2026-06-13 21:51:00,match,2,16,3.0,Juls,1,71483,Том,2,Macarena; Марипоса,Том; Macarena; Орочимару; logic_spb; .Мышь.; Сложный; Марипоса; pevoon; к0щей; Плюшка),https://polemicagame.com/match/587484,
586815,2026-06-13 22:00:00,match,1,24,3.0,Juls,1,74059,paster,3,Axeon; Д. Колбасенко; Марипоса,Данил_Колбасенко; Марипоса; Оладуш; paster; Размен; Stereo; Любезный; Рус; Axeon; logic_spb,https://polemicagame.com/match/586815,
586816,2026-06-13 22:00:00,match,2,24,3.0,Beltsky,0,54555,Baj0ra,1,Аномалия,Baj0ra; Talisman; Country; MIRS; 23; Hartmann; MadCat; Nevesta; pevoon; Anомалия,https://polemicagame.com/match/586816,
586817,2026-06-13 23:00:00,match,1,25,3.0,Juls,1,48788,Данил_Колбасенко,3,Axeon; Д. Колбасенко; Марипоса,Baj0ra; Марипоса; Рус; Данил_Колбасенко; Axeon; Лекc; Nevesta; MadCat; Размен; Talisman,https://polemicagame.com/match/586817,
586818,2026-06-13 23:00:00,match,2,25,3.0,Beltsky,1,62569,Country,2,Лиса; Аномалия,Лисa; MIRS; Любезный; Hartmann; Country; Оладуш; 23; Stereo; paster; Anомалия,https://polemicagame.com/match/586818,
586819,2026-06-14 00:00:00,match,1,26,3.0,Juls,0,128567,Baj0ra,2,Лиса; Д. Колбасенко,Лекc; Stereo; Данил_Колбасенко; MIRS; Лисa; Baj0ra; Рус; Doc.; Talisman; Country,https://polemicagame.com/match/586819,
586821,2026-06-14 01:00:00,match,1,27,3.0,Juls,1,71172,Stereo,1,Лиса,Лекc; Stereo; Demi; Любезный; 23; Baj0ra; Hartmann; Лисa; Doc.; Country,https://polemicagame.com/match/586821,
586822,2026-06-14 01:00:00,match,2,27,3.0,Beltsky,1,4807,paster,1,Д. Колбасенко,Rikso; paster; Размен; Оладуш; Кирюшкинс; Данил_Колбасенко; Talisman; MIRS; MadCat; Рус,https://polemicagame.com/match/586822,
586824,2026-06-14 02:00:00,match,2,28,3.0,Beltsky,1,62569,Hartmann,3,Белладонна; Лиса; Д. Колбасенко,Данил_Колбасенко; Размен; Hartmann; Белладонна; Лекc; Лисa; paster; MIRS; Любезный; Talisman,https://polemicagame.com/match/586824,
586825,2026-06-14 03:00:00,match,1,29,3.0,Juls,1,88950,Любезный,1,Д. Колбасенко,Рус; Любезный; Talisman; 23; MadCat; Данил_Колбасенко; Doc.; paster; MIRS; Demi,https://polemicagame.com/match/586825,
586826,2026-06-14 03:00:00,match,2,29,3.0,Beltsky,0,4807,Кирюшкинс,2,Белладонна; Лиса,Размен; Country; Rikso; Кирюшкинс; Stereo; Hartmann; Лисa; Лекc; Оладуш; Белладонна,https://polemicagame.com/match/586826,
586827,2026-06-14 04:00:00,match,1,30,3.0,Juls,1,4807,Talisman,1,Белладонна,Stereo; Любезный; Country; Лекc; Размен; MadCat; Оладуш; Talisman; Белладонна; Rikso,https://polemicagame.com/match/586827,
586828,2026-06-14 04:00:00,match,2,30,3.0,Beltsky,1,86129,Рус,2,Лиса; Д. Колбасенко,Кирюшкинс; Hartmann; Doc.; MIRS; Лисa; Рус; Demi; 23; Данил_Колбасенко; paster,https://polemicagame.com/match/586828,
588749,2026-06-16 19:00:00,match,1,1,3.0,azalea,1,344,23,2,Алёна; Macarena,Оладуш; Juls; 23; Доктор_Ливси; LEBRONSPB; Macarena; *Ведьма*; tms; Псина; Alena78,https://polemicagame.com/match/588749,
588750,2026-06-16 20:00:00,match,1,2,3.0,azalea,0,60427,tms,2,Алёна; Macarena,LEBRONSPB; 23; Оладуш; Псина; *Ведьма*; Alena78; Juls; Macarena; tms; Доктор_Ливси,https://polemicagame.com/match/588750,
588751,2026-06-16 21:00:00,match,1,3,3.0,azalea,0,70253,*Ведьма*,2,Алёна; Macarena,*Ведьма*; Macarena; Псина; Juls; LEBRONSPB; Оладуш; Доктор_Ливси; tms; 23; Alena78,https://polemicagame.com/match/588751,
588752,2026-06-16 22:00:00,match,1,4,3.0,azalea,1,85652,Доктор_Ливси,2,Алёна; Macarena,Macarena; tms; Оладуш; Alena78; Псина; 23; Juls; LEBRONSPB; *Ведьма*; Доктор_Ливси,https://polemicagame.com/match/588752,
589721,2026-06-19 10:00:00,match,1,1,3.0,Пиджак,0,64905,Данил_Колбасенко,1,Д. Колбасенко,paster; ronder; Rikso; Барре; JTH; Данил_Колбасенко; XXX Istrebitel mafii; Плюшка); Aufstralia; V.,https://polemicagame.com/match/589721,
589722,2026-06-19 11:00:00,match,1,2,3.0,Пиджак,1,133903,Aufstralia,1,Д. Колбасенко,V.; ronder; Данил_Колбасенко; XXX Istrebitel mafii; Плюшка); paster; Aufstralia; JTH; Барре; Rikso,https://polemicagame.com/match/589722,
589723,2026-06-19 12:00:00,match,1,3,3.0,Пиджак,1,64905,Aufstralia,1,Д. Колбасенко,Aufstralia; paster; V.; ronder; JTH; Данил_Колбасенко; XXX Istrebitel mafii; Барре; Rikso; Плюшка),https://polemicagame.com/match/589723,
589724,2026-06-19 13:00:00,match,1,4,3.0,Пиджак,1,88950,paster,1,Д. Колбасенко,Плюшка); ronder; XXX Istrebitel mafii; V.; Барре; JTH; Rikso; Aufstralia; paster; Данил_Колбасенко,https://polemicagame.com/match/589724,
591184,2026-06-21 11:44:08,match,3,25,3.0,Dmitry_st,1,[],Фырчик,3,Фырчик; Axeon; Elric,Госпожа Julie; комик; Оладуш; Stereo; Фырчик; Axeon; peg4s; Elric; Маэстро СПб; ЧехонтЭ,https://polemicagame.com/match/591184,
591186,2026-06-21 11:45:13,match,3,26,3.0,Dmitry_st,0,[],Оладуш,3,Фырчик; Axeon; Elric,комик; ЧехонтЭ; Axeon; Фырчик; Госпожа Julie; Оладуш; Elric; peg4s; Stereo; Маэстро СПб,https://polemicagame.com/match/591186,
591187,2026-06-21 11:46:14,match,3,27,3.0,Dmitry_st,0,[],Госпожа Julie,3,Фырчик; Axeon; Elric,комик; Госпожа Julie; Маэстро СПб; peg4s; Elric; Оладуш; ЧехонтЭ; Axeon; Фырчик; Stereo,https://polemicagame.com/match/591187,
591188,2026-06-21 11:47:11,match,3,28,3.0,Dmitry_st,1,[],Axeon,3,Фырчик; Axeon; Elric,Фырчик; Госпожа Julie; Stereo; peg4s; Маэстро СПб; Оладуш; Elric; Axeon; ЧехонтЭ; комик,https://polemicagame.com/match/591188,
590615,2026-06-21 13:00:00,match,1,1,3.0,Любезный,0,78295,Ллирик,1,Белладонна,Лекc; Beach House; Белладонна; sokl; Сложный; Филологz; Ллирик; Паныч; chaffy; MadCat,https://polemicagame.com/match/590615,
590616,2026-06-21 14:00:00,match,1,2,3.0,Любезный,1,84683,chaffy,1,Белладонна,Сложный; Лекc; chaffy; MadCat; Белладонна; Паныч; Филологz; Beach House; Ллирик; sokl,https://polemicagame.com/match/590616,
590617,2026-06-21 15:00:00,match,1,3,3.0,Любезный,0,63241,Паныч,1,Белладонна,Белладонна; Лекc; MadCat; chaffy; Ллирик; sokl; Сложный; Филологz; Beach House; Паныч,https://polemicagame.com/match/590617,
590618,2026-06-21 16:00:00,match,1,4,3.0,Любезный,0,70755,Beach House,1,Белладонна,Белладонна; Ллирик; Beach House; chaffy; Сложный; MadCat; Филологz; Лекc; sokl; Паныч,https://polemicagame.com/match/590618,
590619,2026-06-21 17:00:00,match,1,5,3.0,Любезный,1,128567,MadCat,1,Белладонна,MadCat; Паныч; Белладонна; Ллирик; Лекc; Сложный; Beach House; chaffy; Филологz; sokl,https://polemicagame.com/match/590619,
590620,2026-06-21 18:00:00,match,1,6,3.0,Любезный,0,78295,Паныч,1,Белладонна,Лекc; Beach House; Сложный; chaffy; MadCat; Белладонна; Паныч; Ллирик; sokl; Филологz,https://polemicagame.com/match/590620,
591180,2026-06-21 18:30:00,match,1,25,3.0,Nevesta,1,68704,Фырчик,3,Фырчик; Axeon; Elric,Госпожа Julie; комик; Оладуш; Stereo; Фырчик; Axeon; peg4s; Elric; Маэстро СПб; ЧехонтЭ,https://polemicagame.com/match/591180,
590621,2026-06-21 19:00:00,match,1,7,3.0,Любезный,1,60797,Белладонна,1,Белладонна,Beach House; Сложный; Паныч; Филологz; MadCat; chaffy; Лекc; Белладонна; sokl; Ллирик,https://polemicagame.com/match/590621,
591181,2026-06-21 19:30:00,match,1,26,3.0,Nevesta,0,68704,Оладуш,3,Фырчик; Axeon; Elric,комик; ЧехонтЭ; Axeon; Фырчик; Госпожа Julie; Оладуш; Elric; peg4s; Stereo; Маэстро СПб,https://polemicagame.com/match/591181,
590622,2026-06-21 20:00:00,match,1,8,3.0,Любезный,1,84683,Лекc,1,Белладонна,Паныч; Beach House; sokl; chaffy; MadCat; Филологz; Белладонна; Ллирик; Лекc; Сложный,https://polemicagame.com/match/590622,
591182,2026-06-21 20:30:00,match,1,27,3.0,Nevesta,0,99882,комик,3,Фырчик; Axeon; Elric,комик; Госпожа Julie; Маэстро СПб; peg4s; Elric; Оладуш; ЧехонтЭ; Axeon; Фырчик; Stereo,https://polemicagame.com/match/591182,
590623,2026-06-21 21:00:00,match,1,9,3.0,Любезный,0,60797,Филологz,1,Белладонна,Лекc; Ллирик; Beach House; chaffy; MadCat; Сложный; Паныч; sokl; Филологz; Белладонна,https://polemicagame.com/match/590623,
591183,2026-06-21 21:30:00,match,1,28,3.0,Nevesta,1,74059,Госпожа Julie,3,Фырчик; Axeon; Elric,Фырчик; Госпожа Julie; Stereo; peg4s; Маэстро СПб; Оладуш; Elric; Axeon; ЧехонтЭ; комик,https://polemicagame.com/match/591183,
590624,2026-06-21 22:00:00,match,1,10,3.0,Любезный,0,68210,sokl,1,Белладонна,Beach House; chaffy; Филологz; sokl; Паныч; Белладонна; Сложный; Ллирик; Лекc; MadCat,https://polemicagame.com/match/590624,
590625,2026-06-21 23:00:00,match,1,11,3.0,Любезный,1,70755,Сложный,1,Белладонна,Белладонна; Сложный; sokl; chaffy; Beach House; Лекc; Паныч; MadCat; Филологz; Ллирик,https://polemicagame.com/match/590625,
590626,2026-06-22 00:00:00,match,1,12,3.0,Любезный,1,60797,sokl,1,Белладонна,MadCat; Сложный; sokl; Филологz; Паныч; Beach House; Ллирик; Белладонна; chaffy; Лекc,https://polemicagame.com/match/590626,
590627,2026-06-22 01:00:00,match,1,13,3.0,Любезный,0,68210,Лекc,1,Белладонна,Ллирик; Лекc; Паныч; Филологz; sokl; MadCat; Сложный; Белладонна; chaffy; Beach House,https://polemicagame.com/match/590627,
590628,2026-06-22 02:00:00,match,1,14,3.0,Любезный,1,70755,Паныч,1,Белладонна,Филологz; Белладонна; Beach House; Лекc; sokl; Паныч; chaffy; Ллирик; MadCat; Сложный,https://polemicagame.com/match/590628,
590629,2026-06-22 03:00:00,match,1,15,3.0,Любезный,0,128567,Филологz,1,Белладонна,Филологz; Лекc; MadCat; Паныч; Ллирик; Сложный; sokl; chaffy; Beach House; Белладонна,https://polemicagame.com/match/590629,
591756,2026-06-23 10:00:00,match,1,5,3.0,Пиджак,1,344,Kaiser,2,Axeon; Марипоса,Victor; MikoChu; Оладуш; Kaiser; *Ведьма*; Марипоса; Axeon; shlyuba; LEBRONSPB; Ллирик,https://polemicagame.com/match/591756,
591757,2026-06-23 11:00:00,match,1,6,3.0,Пиджак,1,35960,Axeon,2,Axeon; Марипоса,*Ведьма*; Оладуш; LEBRONSPB; Kaiser; Ллирик; Axeon; shlyuba; Victor; MikoChu; Марипоса,https://polemicagame.com/match/591757,
591758,2026-06-23 12:00:00,match,1,7,3.0,Пиджак,1,128592,shlyuba,2,Axeon; Марипоса,Оладуш; Kaiser; Axeon; Ллирик; MikoChu; *Ведьма*; shlyuba; LEBRONSPB; Victor; Марипоса,https://polemicagame.com/match/591758,
591759,2026-06-23 13:00:00,match,1,8,3.0,Пиджак,0,749,MikoChu,2,Axeon; Марипоса,*Ведьма*; Axeon; shlyuba; LEBRONSPB; MikoChu; Ллирик; Марипоса; Victor; Оладуш; Kaiser,https://polemicagame.com/match/591759,
592252,2026-06-24 10:00:00,match,1,5,3.0,Пиджак,0,98814,дьябло,1,Hartmann,Торий; JTH; HARTMANN_SPB; Прогрессор; Птичка 23; paster; дьябло; ВреднаЯ; Барре; pevoon,https://polemicagame.com/match/592252,
592253,2026-06-24 11:00:00,match,1,6,3.0,Пиджак,1,53709,дьябло,1,Hartmann,Барре; Птичка 23; дьябло; HARTMANN_SPB; Торий; paster; pevoon; Прогрессор; ВреднаЯ; JTH,https://polemicagame.com/match/592253,
592254,2026-06-24 12:00:00,match,1,7,3.0,Пиджак,1,3229,Птичка 23,1,Hartmann,pevoon; ВреднаЯ; HARTMANN_SPB; JTH; paster; Птичка 23; Торий; Барре; Прогрессор; дьябло,https://polemicagame.com/match/592254,
592255,2026-06-24 13:00:00,match,1,8,3.0,Пиджак,1,56102,Прогрессор,1,Hartmann,Барре; Прогрессор; ВреднаЯ; Птичка 23; HARTMANN_SPB; paster; JTH; pevoon; дьябло; Торий,https://polemicagame.com/match/592255,
593411,2026-06-26 19:30:00,match,1,1,3.0,Пятница!,0,41244,Пряник_virtuspro_19,1,ФДМ,механика; Пряник_virtuspro_19; смажьте мясо маслом; feat4ever; ФДМ; Корифей; Sol invictus; Катеринa; Нюанс; Пчелёнок,https://polemicagame.com/match/593411,
593412,2026-06-26 20:30:00,match,1,2,3.0,Пятница!,0,21234,feat4ever,1,ФДМ,механика; Нюанс; Пчелёнок; смажьте мясо маслом; feat4ever; Пряник_virtuspro_19; Sol invictus; Корифей; Катеринa; ФДМ,https://polemicagame.com/match/593412,
593413,2026-06-26 21:30:00,match,1,3,3.0,Пятница!,1,68504,Пчелёнок,1,ФДМ,Нюанс; Корифей; Катеринa; feat4ever; Sol invictus; механика; Пчелёнок; ФДМ; смажьте мясо маслом; Пряник_virtuspro_19,https://polemicagame.com/match/593413,
593414,2026-06-26 22:30:00,match,1,4,3.0,Пятница!,0,69486,Катеринa,1,ФДМ,Катеринa; Sol invictus; Корифей; смажьте мясо маслом; механика; ФДМ; Пчелёнок; feat4ever; Пряник_virtuspro_19; Нюанс,https://polemicagame.com/match/593414,
593415,2026-06-26 23:30:00,match,1,5,3.0,Пятница!,1,39943,Катеринa,1,ФДМ,Нюанс; Катеринa; смажьте мясо маслом; Пчелёнок; ФДМ; механика; Sol invictus; Пряник_virtuspro_19; Корифей; feat4ever,https://polemicagame.com/match/593415,
594660,2026-06-29 10:00:00,match,1,13,3.0,azalea,1,88133,XXX Istrebitel mafii,1,Кармин,Slam; Яблоко; Irukan; ronder; Lost Sky; Барре; Кармин; Торий; Рус; XXX Istrebitel mafii,https://polemicagame.com/match/594660,
594675,2026-06-29 10:00:00,match,1,14,3.0,azalea,1,429,ronder,1,Кармин,Торий; Lost Sky; ronder; XXX Istrebitel mafii; Рус; Irukan; Яблоко; Slam; Барре; Кармин,https://polemicagame.com/match/594675,
594676,2026-06-29 11:00:00,match,1,15,3.0,azalea,1,76996,Рус,1,Кармин,ronder; Slam; Рус; Кармин; Яблоко; Irukan; Торий; XXX Istrebitel mafii; Барре; Lost Sky,https://polemicagame.com/match/594676,
594677,2026-06-29 12:00:00,match,1,16,3.0,azalea,1,70516,Барре,1,Кармин,Рус; Барре; Lost Sky; XXX Istrebitel mafii; Irukan; Торий; Slam; Кармин; ronder; Яблоко,https://polemicagame.com/match/594677,
595613,2026-07-01 10:00:00,match,1,17,3.0,Пиджак,1,88154,pevoon,1,Секрет,pevoon; Яблоко; С. Помидор; Секрет-; Рус; ronder; Прогрессор; дьябло; Mышьяк; Slam,https://polemicagame.com/match/595613,
595614,2026-07-01 11:00:00,match,1,18,3.0,Пиджак,1,3229,Рус,1,Секрет,Прогрессор; Рус; Mышьяк; дьябло; С. Помидор; Секрет-; Яблоко; ronder; pevoon; Slam,https://polemicagame.com/match/595614,
595615,2026-07-01 12:00:00,match,1,19,3.0,Пиджак,0,88154,pevoon,1,Секрет,Рус; pevoon; Mышьяк; дьябло; Яблоко; Секрет-; Slam; С. Помидор; Прогрессор; ronder,https://polemicagame.com/match/595615,
596036,2026-07-01 12:01:34,match,3,29,3.0,Dmitry_st,1,[],SkOrPionsha_,3,Фырчик; Axeon; Elric,Axeon; Лекc; Маэстро СПб; Elric; комик; Оладуш; Фырчик; Rikso; SkOrPionsha_; Stereo,https://polemicagame.com/match/596036,
596037,2026-07-01 12:02:54,match,3,30,3.0,Dmitry_st,1,[],Лекc,3,Фырчик; Axeon; Elric,Rikso; Оладуш; SkOrPionsha_; Лекc; Фырчик; Axeon; Маэстро СПб; Stereo; комик; Elric,https://polemicagame.com/match/596037,
596038,2026-07-01 12:03:45,match,3,31,3.0,Dmitry_st,1,[],SkOrPionsha_,3,Фырчик; Axeon; Elric,Оладуш; Axeon; Маэстро СПб; SkOrPionsha_; Лекc; Rikso; Фырчик; Elric; комик; Stereo,https://polemicagame.com/match/596038,
596040,2026-07-01 12:04:38,match,3,32,3.0,Dmitry_st,1,[],Фырчик,3,Фырчик; Axeon; Elric,Stereo; SkOrPionsha_; Axeon; Фырчик; Elric; Оладуш; комик; Лекc; Маэстро СПб; Rikso,https://polemicagame.com/match/596040,
595616,2026-07-01 13:00:00,match,1,20,3.0,Пиджак,0,3229,Прогрессор,1,Секрет,ronder; Секрет-; pevoon; Прогрессор; Mышьяк; Рус; С. Помидор; Slam; Яблоко; дьябло,https://polemicagame.com/match/595616,
596032,2026-07-01 19:00:00,match,1,29,3.0,Dmitry_st,1,99882,Маэстро СПб,3,Фырчик; Axeon; Elric,Axeon; Лекc; Маэстро СПб; Elric; комик; Оладуш; Фырчик; Rikso; SkOrPionsha_; Stereo,https://polemicagame.com/match/596032,
596033,2026-07-01 20:00:00,match,1,30,3.0,Dmitry_st,1,68136,Лекc,3,Фырчик; Axeon; Elric,Rikso; Оладуш; SkOrPionsha_; Лекc; Фырчик; Axeon; Маэстро СПб; Stereo; комик; Elric,https://polemicagame.com/match/596033,
596034,2026-07-01 21:00:00,match,1,31,3.0,Dmitry_st,1,74059,SkOrPionsha_,3,Фырчик; Axeon; Elric,Оладуш; Axeon; Маэстро СПб; SkOrPionsha_; Лекc; Rikso; Фырчик; Elric; комик; Stereo,https://polemicagame.com/match/596034,
596035,2026-07-01 22:00:00,match,1,32,3.0,Dmitry_st,1,51380,Фырчик,3,Фырчик; Axeon; Elric,Stereo; SkOrPionsha_; Axeon; Фырчик; Elric; Оладуш; комик; Лекc; Маэстро СПб; Rikso,https://polemicagame.com/match/596035,
596997,2026-07-03 14:38:56,match,1,1,3.0,Alena78,1,126986,Азарт ♠️,3,Фырчик; Секрет; Д. Колбасенко,клоун128; _Танцор_; Секрет-; Данил_Колбасенко; Raymond; MOONA2112; Азарт ♠️; Ллирик; Красный фонарик; Фырчик,https://polemicagame.com/match/596997,
597435,2026-07-05 10:00:00,match,1,25,3.0,azalea,1,99882,Вега,2,Вега; Elric,ВреднаЯ; Demi; комик; Торий; Elric; Nevesta; Homych; WELSH; Вега; Pagoda,https://polemicagame.com/match/597435,
597436,2026-07-05 11:00:00,match,1,26,3.0,azalea,1,53709,Homych,2,Вега; Elric,комик; WELSH; Nevesta; ВреднаЯ; Homych; Demi; Elric; Вега; Торий; Pagoda,https://polemicagame.com/match/597436,
597437,2026-07-05 12:00:00,match,1,27,3.0,azalea,1,74136,Nevesta,2,Вега; Elric,Pagoda; WELSH; ВреднаЯ; Elric; Торий; Вега; Nevesta; Homych; комик; Demi,https://polemicagame.com/match/597437,
597438,2026-07-05 13:00:00,match,1,28,3.0,azalea,0,38258,Pagoda,2,Вега; Elric,Торий; Elric; Nevesta; WELSH; Вега; комик; Pagoda; Homych; Demi; ВреднаЯ,https://polemicagame.com/match/597438,
597977,2026-07-06 10:00:00,match,1,13,3.0,azalea,0,86129,Фартушная,3,Фартушная; avomarika; Лиса,Фартушная; avomarika; Victor; Ллирик; Доктор_Ливси; Лисa; shlyuba; Любезный; Том; tms,https://polemicagame.com/match/597977,
597978,2026-07-06 11:00:00,match,1,14,3.0,azalea,1,471,avomarika,3,Фартушная; avomarika; Лиса,tms; shlyuba; Доктор_Ливси; Ллирик; Лисa; Victor; Фартушная; Любезный; Том; avomarika,https://polemicagame.com/match/597978,
597979,2026-07-06 12:00:00,match,1,15,3.0,azalea,1,1302,Лисa,3,Фартушная; avomarika; Лиса,Лисa; Любезный; tms; Victor; shlyuba; avomarika; Том; Доктор_Ливси; Ллирик; Фартушная,https://polemicagame.com/match/597979,
597980,2026-07-06 13:00:00,match,1,16,3.0,azalea,1,60797,Лисa,3,Фартушная; avomarika; Лиса,Victor; Доктор_Ливси; tms; Лисa; shlyuba; Ллирик; Любезный; Том; avomarika; Фартушная,https://polemicagame.com/match/597980,
597981,2026-07-06 14:00:00,match,1,17,3.0,azalea,0,431,avomarika,3,Фартушная; Алёна; avomarika,Victor; Любезный; shlyuba; avomarika; Оладуш; Том; Доктор_Ливси; Фартушная; Alena78; Stereo,https://polemicagame.com/match/597981,
597982,2026-07-06 15:00:00,match,1,18,3.0,azalea,0,36696,avomarika,3,Фартушная; Алёна; avomarika,avomarika; Victor; Оладуш; shlyuba; Фартушная; Stereo; Доктор_Ливси; Alena78; Том; Любезный,https://polemicagame.com/match/597982,
597983,2026-07-06 16:00:00,match,1,19,3.0,azalea,1,51777,Фартушная,3,Фартушная; Алёна; avomarika,Оладуш; Том; Любезный; Фартушная; shlyuba; Доктор_Ливси; Victor; Stereo; Alena78; avomarika,https://polemicagame.com/match/597983,
597984,2026-07-06 17:00:00,match,1,20,3.0,azalea,1,8368,Фартушная,3,Фартушная; Алёна; avomarika,Alena78; Фартушная; Victor; Доктор_Ливси; Stereo; Оладуш; avomarika; Том; Любезный; shlyuba,https://polemicagame.com/match/597984,
598600,2026-07-07 10:00:00,match,1,21,3.0,Пиджак,0,71172,Axeon,5,Ластхиро; Алёна; Macarena; Axeon; Марипоса,tms; Alena78; Кирюшкинс; Doc.; Марипоса; Axeon; Воробушек; Доктор_Ливси; Macarena; Ластхиро,https://polemicagame.com/match/598600,
598601,2026-07-07 11:00:00,match,1,22,3.0,Пиджак,1,8368,Alena78,5,Ластхиро; Алёна; Macarena; Axeon; Марипоса,Кирюшкинс; Doc.; Воробушек; Macarena; Alena78; Марипоса; Axeon; Ластхиро; Доктор_Ливси; tms,https://polemicagame.com/match/598601,
598602,2026-07-07 12:00:00,match,1,23,3.0,Пиджак,1,70253,Воробушек,5,Ластхиро; Алёна; Macarena; Axeon; Марипоса,Воробушек; Axeon; Ластхиро; Доктор_Ливси; Doc.; Alena78; Macarena; Марипоса; tms; Кирюшкинс,https://polemicagame.com/match/598602,
598603,2026-07-07 13:00:00,match,1,24,3.0,Пиджак,0,70253,tms,5,Ластхиро; Алёна; Macarena; Axeon; Марипоса,Axeon; Доктор_Ливси; Воробушек; Macarena; tms; Марипоса; Ластхиро; Doc.; Alena78; Кирюшкинс,https://polemicagame.com/match/598603,
599073,2026-07-08 10:00:00,match,1,29,3.0,Пиджак,1,125488,комик,3,Кармин; Вега; Elric,Кармин; Elric; WELSH; ГМЖ; Плюшка); Птичка 23; Nevesta; Вега; ВреднаЯ; комик,https://polemicagame.com/match/599073,
599074,2026-07-08 11:00:00,match,1,30,3.0,Пиджак,0,76145,ВреднаЯ,3,Кармин; Вега; Elric,Птичка 23; Elric; ВреднаЯ; Кармин; Вега; WELSH; Nevesta; комик; ГМЖ; Плюшка),https://polemicagame.com/match/599074,
599075,2026-07-08 12:00:00,match,1,31,3.0,Пиджак,1,70516,Elric,3,Кармин; Вега; Elric,Nevesta; Elric; комик; Кармин; Вега; ВреднаЯ; WELSH; Плюшка); ГМЖ; Птичка 23,https://polemicagame.com/match/599075,
599076,2026-07-08 13:00:00,match,1,32,3.0,Пиджак,1,74136,WELSH,3,Кармин; Вега; Elric,ГМЖ; Elric; Птичка 23; Вега; комик; ВреднаЯ; Кармин; WELSH; Плюшка); Nevesta,https://polemicagame.com/match/599076,
599940,2026-07-10 10:00:00,match,1,33,3.0,Пиджак,0,88133,Инкогнито,2,Hartmann; Фырчик,Фырчик; Slam; HARTMANN_SPB; Рэндом; Инкогнито; Homych; ГМЖ; Rikso; Lost Sky; Aufstralia,https://polemicagame.com/match/599940,
599941,2026-07-10 11:00:00,match,1,34,3.0,Пиджак,1,88133,Инкогнито,2,Hartmann; Фырчик,Slam; Lost Sky; Homych; Rikso; Инкогнито; Aufstralia; HARTMANN_SPB; Рэндом; ГМЖ; Фырчик,https://polemicagame.com/match/599941,
599942,2026-07-10 12:00:00,match,1,35,3.0,Пиджак,1,62324,HARTMANN_SPB,2,Hartmann; Фырчик,Рэндом; ГМЖ; Homych; Aufstralia; HARTMANN_SPB; Фырчик; Rikso; Slam; Lost Sky; Инкогнито,https://polemicagame.com/match/599942,
599943,2026-07-10 13:00:00,match,1,36,3.0,Пиджак,1,109188,Slam,2,Hartmann; Фырчик,Инкогнито; Slam; Рэндом; Фырчик; Aufstralia; Lost Sky; ГМЖ; Homych; HARTMANN_SPB; Rikso,https://polemicagame.com/match/599943,
600800,2026-07-11 08:49:59,match,8,1,3.0,Гуcь,1,109188,Saint-P,1,ФДМ,комик; Stereo; ФДМ; 4p0k; Оладуш; Country; Saint-P; KAA; Инкогнито; Маэстро СПб,https://polemicagame.com/match/600800,
600801,2026-07-11 08:53:59,match,1,1,3.0,Dmitry_st,1,36696,Парадокс2727,1,Story,JTH; Story; Парадокс2727; Том; Катеринa; Homych; Киса; Пряник_virtuspro_19; Defita; Зазеркалье,https://polemicagame.com/match/600801,
600805,2026-07-11 08:55:27,match,8,2,3.0,Гуcь,1,92089,Django,2,ФДМ; Д. Колбасенко,механика; Помидор; pevoon; Данил_Колбасенко; Kaiser; Talisman; Django; StronGlav; ФДМ; Krista,https://polemicagame.com/match/600805,
600804,2026-07-11 08:55:35,match,2,1,3.0,Leap,1,71172,WELSH,1,Axeon,MadCat; WELSH; Axeon; Рэндом; Айра.; Doc.; MIRS; sokl; Kilaaahhhh; Kaiser,https://polemicagame.com/match/600804,
600803,2026-07-11 08:56:10,match,1,2,3.0,Dmitry_st,0,1892,WIMP,3,Ластхиро; Axeon; Марипоса,WIMP; Незабудочная; Киса; Mr.Elvin; комик; Марипоса; Ластхиро; Axeon; смажьте мясо маслом; Nmeshka,https://polemicagame.com/match/600803,
600807,2026-07-11 09:04:01,match,2,3,3.0,Leap,1,1306,Пиджак,2,ФДМ; Axeon,WELSH; ФДМ; Вальхалла; Talisman; Nmeshka; Генрих; Рус; Пиджак; Axeon; Doc.,https://polemicagame.com/match/600807,
600808,2026-07-11 09:05:21,match,2,4,3.0,Leap,0,56637,Сандра,2,Алёна; Elric,Alena78; механика; 4p0k; Сандра; Krista; Пряник_virtuspro_19; Django; Инкогнито; Elric; Kilaaahhhh,https://polemicagame.com/match/600808,
600809,2026-07-11 09:06:06,match,8,3,3.0,Гуcь,0,55847,Данил_Колбасенко,3,Д. Колбасенко; Аномалия; Elric,4p0k; Elric; Stereo; Кирюшкинс; Defita; Anомалия; Данил_Колбасенко; Sol invictus; Demi; Mr.Elvin,https://polemicagame.com/match/600809,
600811,2026-07-11 09:17:25,match,1,3,3.0,Dmitry_st,0,34509,aveeeee,3,Story; Лиса; Секрет,Story; Лисa; Незабудочная; Том; aveeeee; Секрет-; Айра.; Vibe; Птичка 23; WIMP,https://polemicagame.com/match/600811,
600814,2026-07-11 09:21:37,match,1,6,3.0,Dmitry_st,0,56637,Ластхиро,1,Ластхиро,механика; Saint-P; Рэндом; отче; Ластхиро; Маэстро СПб; Вальхалла; Nmeshka; Генрих; г-н Sema,https://polemicagame.com/match/600814,
600815,2026-07-11 09:22:51,match,1,7,3.0,Dmitry_st,1,98224,Demi,1,Аномалия,Demi; комик; 4p0k; Country; KAA; Anомалия; отче; Айра.; Defita; Помидор,https://polemicagame.com/match/600815,
600817,2026-07-11 09:24:27,match,1,8,3.0,Dmitry_st,1,858,Том,1,Elric,23; Любезный; 4p0k; Оладуш; Том; KAA; Elric; Homych; MIRS; Айра.,https://polemicagame.com/match/600817,
600821,2026-07-11 09:31:57,match,8,6,3.0,Гуcь,1,53709,Demi,2,Story; Д. Колбасенко,Размен; Рус; Феодал; Rikso; Инкогнито; Данил_Колбасенко; Django; ВреднаЯ; Demi; Story,https://polemicagame.com/match/600821,
600827,2026-07-11 09:38:43,match,3,1,3.0,Accord,1,73568,Марипоса,1,Марипоса,Demi; Mr.Elvin; Марипоса; Sol invictus; Сандра; Vibe; отче; Птичка 23; Лекc; Nmeshka,https://polemicagame.com/match/600827,
600828,2026-07-11 09:41:30,match,3,2,3.0,Accord,0,20450,Country,2,Story; Аномалия,Anомалия; Country; Story; Парадокс2727; 4p0k; Homych; Пиджак; Катеринa; .Мышь.; отче,https://polemicagame.com/match/600828,
600833,2026-07-11 09:45:22,match,3,3,3.0,Accord,0,64731,ВреднаЯ,1,Марипоса,ВреднаЯ; Инкогнито; Krista; Hartmann; дьябло; Ллирик; 23; JTH; Homych; Марипоса,https://polemicagame.com/match/600833,
600839,2026-07-11 09:48:10,match,3,5,3.0,Accord,1,1316,Vibe,2,Axeon; Elric,Катеринa; Talisman; комик; Kaiser; Сандра; Vibe; Кcю; WIMP; Axeon; Elric,https://polemicagame.com/match/600839,
600844,2026-07-11 09:49:33,match,4,1,3.0,Кармин,1,60904,Доктор_Ливси,2,Алёна; Macarena,Alena78; StronGlav; 23; Macarena; Кcю; дьябло; Доктор_Ливси; Talisman; .Мышь.; Вальхалла,https://polemicagame.com/match/600844,
600841,2026-07-11 09:51:06,match,3,6,3.0,Accord,1,69537,Пряник_virtuspro_19,3,Секрет; Аномалия; Марипоса,Марипоса; Mr.Elvin; Доктор_Ливси; Kilaaahhhh; Секрет-; Пряник_virtuspro_19; Anомалия; Пиджак; pevoon; .Мышь.,https://polemicagame.com/match/600841,
600848,2026-07-11 09:53:21,match,4,2,3.0,Кармин,1,62118,Macarena,1,Macarena,JTH; MadCat; 23; Macarena; Оладуш; Том; moonlight from spb; sokl; aveeeee; Kilaaahhhh,https://polemicagame.com/match/600848,
600846,2026-07-11 09:53:45,match,3,7,3.0,Accord,1,1316,г-н Sema,1,Лиса,Homych; Сандра; г-н Sema; Nevesta; Оладуш; Rikso; Mr.Elvin; Nmeshka; Saint-P; Лисa,https://polemicagame.com/match/600846,
600849,2026-07-11 09:55:29,match,3,8,3.0,Accord,0,71172,Django,3,Алёна; Аномалия; Марипоса,Django; Doc.; Кcю; Alena78; Anомалия; Sol invictus; Марипоса; Talisman; Nevesta; Kaiser,https://polemicagame.com/match/600849,
600853,2026-07-11 09:56:29,match,4,3,3.0,Кармин,0,23794,Доктор_Ливси,2,Ластхиро; Алёна,Доктор_Ливси; Nevesta; комик; Оладуш; Saint-P; Рэндом; Alena78; Rikso; Ластхиро; Феодал,https://polemicagame.com/match/600853,
600862,2026-07-11 10:00:43,match,4,4,3.0,Кармин,0,74059,Stereo,2,ФДМ; Д. Колбасенко,Любезный; Stereo; Talisman; Country; Данил_Колбасенко; KAA; Homych; ФДМ; Defita; г-н Sema,https://polemicagame.com/match/600862,
600859,2026-07-11 10:01:46,match,5,1,3.0,azalea,1,60797,механика,4,Ластхиро; Лиса; Секрет; Аномалия,Кирюшкинс; Ллирик; Nevesta; механика; Лисa; Секрет-; Anомалия; Ластхиро; Пиджак; aveeeee,https://polemicagame.com/match/600859,
600864,2026-07-11 10:07:03,match,5,2,3.0,azalea,1,596,Hartmann,1,Лиса,Айра.; Лисa; Saint-P; Кирюшкинс; Доктор_Ливси; Rikso; Маэстро СПб; Hartmann; г-н Sema; Лекc,https://polemicagame.com/match/600864,
600866,2026-07-11 10:09:55,match,4,5,3.0,Кармин,0,98224,.Мышь.,3,Macarena; Лиса; Аномалия,механика; .Мышь.; Stereo; Macarena; Том; Anомалия; MIRS; Лисa; pevoon; ВреднаЯ,https://polemicagame.com/match/600866,
600880,2026-07-11 10:15:35,match,4,6,3.0,Кармин,0,51777,Сандра,1,Macarena,Macarena; Кcю; Оладуш; Сандра; Defita; Talisman; Зазеркалье; Doc.; Country; Птичка 23,https://polemicagame.com/match/600880,
600869,2026-07-11 10:24:25,match,2,5,3.0,Leap,0,1306,ФДМ,2,ФДМ; Д. Колбасенко,ФДМ; Оладуш; Данил_Колбасенко; Зазеркалье; смажьте мясо маслом; Вальхалла; Пиджак; г-н Sema; Рус; Django,https://polemicagame.com/match/600869,
600870,2026-07-11 10:26:36,match,2,6,3.0,Leap,1,69486,Любезный,1,Elric,Кирюшкинс; Любезный; Nevesta; Stereo; Парадокс2727; Том; WIMP; Homych; смажьте мясо маслом; Elric,https://polemicagame.com/match/600870,
600871,2026-07-11 10:27:41,match,2,7,3.0,Leap,1,108144,23,3,Ластхиро; Алёна; Macarena,Alena78; 23; Macarena; Ластхиро; Кcю; WIMP; Sol invictus; Парадокс2727; Феодал; Генрих,https://polemicagame.com/match/600871,
600872,2026-07-11 10:30:38,match,2,8,3.0,Leap,1,53709,Kilaaahhhh,1,Story,Пряник_virtuspro_19; Пиджак; дьябло; Krista; moonlight from spb; Story; Hartmann; MadCat; Kilaaahhhh; ВреднаЯ,https://polemicagame.com/match/600872,
600875,2026-07-11 10:32:34,match,7,1,3.0,YungBull,1,17360,WIMP,1,Д. Колбасенко,Незабудочная; WIMP; Данил_Колбасенко; Krista; Django; Чеба; Генрих; Рус; Hartmann; Размен,https://polemicagame.com/match/600875,
600876,2026-07-11 10:37:03,match,7,2,3.0,YungBull,1,34509,Alena78,3,Алёна; Секрет; Elric,Alena78; Stereo; Defita; дьябло; Размен; Пряник_virtuspro_19; Генрих; Elric; Секрет-; Vibe,https://polemicagame.com/match/600876,
600882,2026-07-11 10:39:57,match,5,4,3.0,azalea,0,64731,Hartmann,2,Axeon; Марипоса,смажьте мясо маслом; Кcю; Axeon; Марипоса; Маэстро СПб; MIRS; Кирюшкинс; sokl; Hartmann; Помидор,https://polemicagame.com/match/600882,
600877,2026-07-11 10:42:33,match,7,4,3.0,YungBull,0,101765,Ластхиро,1,Ластхиро,Ллирик; Ластхиро; Kaiser; Saint-P; WIMP; Айра.; Vibe; Rikso; Nevesta; StronGlav,https://polemicagame.com/match/600877,
600878,2026-07-11 10:44:24,match,7,5,3.0,YungBull,1,4807,Незабудочная,2,Story; Марипоса,Размен; Кирюшкинс; WELSH; Незабудочная; Марипоса; Чеба; Hartmann; Story; Nmeshka; Киса,https://polemicagame.com/match/600878,
600881,2026-07-11 10:45:05,match,6,1,3.0,Скорпионша ,0,3229,Любезный,1,Elric,Любезный; Rikso; Феодал; moonlight from spb; смажьте мясо маслом; Elric; г-н Sema; Помидор; pevoon; ВреднаЯ,https://polemicagame.com/match/600881,
600879,2026-07-11 10:46:33,match,7,6,3.0,YungBull,0,68504,Hartmann,1,Лиса,Лисa; aveeeee; Незабудочная; KAA; Катеринa; MIRS; sokl; Hartmann; Помидор; 23,https://polemicagame.com/match/600879,
600887,2026-07-11 10:58:12,match,7,3,3.0,YungBull,0,84958,Зазеркалье,1,Macarena,Country; Кcю; Любезный; Macarena; Зазеркалье; Размен; Пряник_virtuspro_19; Kilaaahhhh; отче; Маэстро СПб,https://polemicagame.com/match/600887,
600885,2026-07-11 10:59:05,match,5,5,3.0,azalea,0,20450,Kilaaahhhh,3,Ластхиро; Алёна; Секрет,Ластхиро; Nevesta; Kilaaahhhh; Mr.Elvin; Секрет-; дьябло; Инкогнито; Alena78; sokl; Парадокс2727,https://polemicagame.com/match/600885,
600888,2026-07-11 11:01:06,match,5,6,3.0,azalea,1,60797,ФДМ,2,ФДМ; Алёна,Alena78; Ллирик; MadCat; комик; ФДМ; Sol invictus; Айра.; Vibe; Чеба; moonlight from spb,https://polemicagame.com/match/600888,
600891,2026-07-11 11:01:29,match,4,7,3.0,Кармин,1,76145,Axeon,3,Axeon; Elric; Марипоса,Вальхалла; WELSH; Stereo; Axeon; Марипоса; Doc.; Kilaaahhhh; Elric; Чеба; StronGlav,https://polemicagame.com/match/600891,
600895,2026-07-11 11:05:48,match,5,8,3.0,azalea,0,88154,Кирюшкинс,3,ФДМ; Axeon; Секрет,Кирюшкинс; Ллирик; механика; ФДМ; Axeon; Секрет-; Сандра; .Мышь.; Размен; Лекc,https://polemicagame.com/match/600895,
600896,2026-07-11 11:06:18,match,6,4,3.0,Скорпионша ,1,86129,Macarena,5,Story; Macarena; Лиса; Секрет; Аномалия,Story; Зазеркалье; Macarena; Оладуш; Секрет-; Anомалия; Чеба; Генрих; Лекc; Лисa,https://polemicagame.com/match/600896,
600898,2026-07-11 11:08:55,match,4,8,3.0,Кармин,0,55847,Птичка 23,1,Лиса,Птичка 23; Nmeshka; Defita; Mr.Elvin; Рэндом; Лисa; Stereo; отче; Парадокс2727; sokl,https://polemicagame.com/match/600898,
600905,2026-07-11 11:14:47,match,6,6,3.0,Скорпионша ,0,1892,Krista,1,Axeon,Krista; StronGlav; 4p0k; JTH; Axeon; Лекc; WELSH; Киса; дьябло; Kaiser,https://polemicagame.com/match/600905,
600979,2026-07-11 16:17:57,match,7,7,3.0,YungBull,1,36696,Пиджак,1,Секрет,Рэндом; Том; JTH; Секрет-; Катеринa; Птичка 23; Django; Киса; Hartmann; Пиджак,https://polemicagame.com/match/600979,
600980,2026-07-11 16:20:06,match,7,8,3.0,YungBull,0,34509,Vibe,1,Д. Колбасенко,смажьте мясо маслом; JTH; Зазеркалье; Катеринa; Чеба; Vibe; г-н Sema; Demi; Вальхалла; Данил_Колбасенко,https://polemicagame.com/match/600980,
601052,2026-07-11 19:06:06,match,6,8,3.0,Скорпионша ,0,76145,Macarena,2,Ластхиро; Macarena,Rikso; WELSH; Macarena; Незабудочная; Инкогнито; StronGlav; Ластхиро; Рус; pevoon; aveeeee,https://polemicagame.com/match/601052,
601330,2026-07-12 08:47:39,match,1,9,3.0,Dmitry_st,1,4279,Любезный,2,Алёна; Лиса,Вальхалла; Alena78; 23; Том; Лекc; JTH; Mr.Elvin; Talisman; Лисa; Любезный,https://polemicagame.com/match/601330,
601331,2026-07-12 08:48:33,match,8,10,3.0,Гуcь,1,148674,Данил_Колбасенко,3,Story; Лиса; Д. Колбасенко,Rikso; Лисa; Doc.; Вальхалла; Stereo; Любезный; Киса; Story; Данил_Колбасенко; MIRS,https://polemicagame.com/match/601331,
601332,2026-07-12 08:48:59,match,1,10,3.0,Dmitry_st,1,2951,Помидор,2,Axeon; Elric,Sol invictus; Помидор; Инкогнито; Elric; дьябло; Axeon; Айра.; г-н Sema; Homych; Чеба,https://polemicagame.com/match/601332,
601334,2026-07-12 08:50:35,match,1,11,3.0,Dmitry_st,0,70253,Кирюшкинс,2,Story; Macarena,Кирюшкинс; Story; Hartmann; Country; 4p0k; Пряник_virtuspro_19; pevoon; Macarena; Феодал; Рэндом,https://polemicagame.com/match/601334,
601335,2026-07-12 08:51:32,match,8,12,3.0,Гуcь,1,2906,Незабудочная,1,Macarena,Mr.Elvin; г-н Sema; WIMP; Nmeshka; Незабудочная; 4p0k; Django; Рус; Вальхалла; Macarena,https://polemicagame.com/match/601335,
601336,2026-07-12 08:51:47,match,1,12,3.0,Dmitry_st,0,1316,комик,2,Axeon; Д. Колбасенко,Данил_Колбасенко; Homych; комик; MadCat; механика; .Мышь.; Сандра; Axeon; Saint-P; Talisman,https://polemicagame.com/match/601336,
601339,2026-07-12 08:56:26,match,8,15,3.0,Гуcь,1,749,StronGlav,1,Алёна,Инкогнито; StronGlav; aveeeee; Saint-P; Рэндом; Talisman; Kaiser; ВреднаЯ; Alena78; 23,https://polemicagame.com/match/601339,
601340,2026-07-12 08:58:19,match,8,16,3.0,Гуcь,1,1306,Киса,2,ФДМ; Д. Колбасенко,Данил_Колбасенко; pevoon; Кирюшкинс; механика; Пряник_virtuspro_19; KAA; Том; Генрих; Киса; ФДМ,https://polemicagame.com/match/601340,
601344,2026-07-12 09:05:49,match,6,9,3.0,Скорпионша ,1,128592,Доктор_Ливси,1,Марипоса,смажьте мясо маслом; комик; ВреднаЯ; механика; отче; Марипоса; Ллирик; Доктор_Ливси; Stereo; Rikso,https://polemicagame.com/match/601344,
601346,2026-07-12 09:07:11,match,6,10,3.0,Скорпионша ,0,15013,Country,2,Macarena; Аномалия,Django; Macarena; Anомалия; Кирюшкинс; Hartmann; Demi; Country; 4p0k; aveeeee; Kaiser,https://polemicagame.com/match/601346,
601345,2026-07-12 09:08:52,match,1,13,3.0,Dmitry_st,0,99882,Ллирик,1,Elric,Доктор_Ливси; смажьте мясо маслом; Nmeshka; Vibe; Kaiser; Рус; JTH; Elric; WIMP; Ллирик,https://polemicagame.com/match/601345,
601347,2026-07-12 09:10:06,match,1,14,3.0,Dmitry_st,1,4682,aveeeee,1,ФДМ,Doc.; Катеринa; Demi; aveeeee; Django; Киса; Помидор; ФДМ; 4p0k; Генрих,https://polemicagame.com/match/601347,
601350,2026-07-12 09:11:38,match,6,11,3.0,Скорпионша ,1,73014,Кcю,2,Axeon; Секрет,Секрет-; Маэстро СПб; Talisman; Зазеркалье; Axeon; Kilaaahhhh; sokl; Nmeshka; Кcю; Nevesta,https://polemicagame.com/match/601350,
601348,2026-07-12 09:11:41,match,1,15,3.0,Dmitry_st,1,98224,sokl,3,Секрет; Аномалия; Марипоса,Феодал; Country; sokl; Stereo; MIRS; Секрет-; Зазеркалье; Айра.; Anомалия; Марипоса,https://polemicagame.com/match/601348,
601349,2026-07-12 09:13:07,match,1,16,3.0,Dmitry_st,0,51777,Пиджак,1,Ластхиро,Сандра; 23; Оладуш; Птичка 23; Пиджак; Ластхиро; Рэндом; г-н Sema; Незабудочная; Krista,https://polemicagame.com/match/601349,
601351,2026-07-12 09:15:11,match,6,12,3.0,Скорпионша ,1,34509,Пряник_virtuspro_19,1,Elric,Пряник_virtuspro_19; Размен; ВреднаЯ; Чеба; Парадокс2727; JTH; Demi; pevoon; Vibe; Elric,https://polemicagame.com/match/601351,
601352,2026-07-12 09:19:33,match,2,9,3.0,Leap,1,1316,Ластхиро,3,Ластхиро; ФДМ; Аномалия,Сандра; Кcю; Sol invictus; Чеба; ФДМ; Помидор; Defita; Anомалия; Инкогнито; Ластхиро,https://polemicagame.com/match/601352,
601354,2026-07-12 09:19:55,match,6,13,3.0,Скорпионша ,1,101765,ФДМ,2,ФДМ; Алёна,Инкогнито; Айра.; Nevesta; Rikso; комик; Mr.Elvin; ФДМ; Незабудочная; Alena78; KAA,https://polemicagame.com/match/601354,
601353,2026-07-12 09:20:53,match,2,10,3.0,Leap,1,73972,Kilaaahhhh,1,Секрет,Vibe; WELSH; Kilaaahhhh; KAA; Рус; Рэндом; Nevesta; Секрет-; JTH; ВреднаЯ,https://polemicagame.com/match/601353,
601357,2026-07-12 09:34:47,match,6,16,3.0,Скорпионша ,0,60797,StronGlav,1,Алёна,StronGlav; Парадокс2727; Django; Ллирик; moonlight from spb; Кcю; Talisman; Alena78; Mr.Elvin; Sol invictus,https://polemicagame.com/match/601357,
601362,2026-07-12 09:48:02,match,4,9,3.0,Кармин,1,2951,WELSH,2,Macarena; Elric,Elric; Пряник_virtuspro_19; г-н Sema; Киса; Nmeshka; WELSH; Птичка 23; Django; StronGlav; Macarena,https://polemicagame.com/match/601362,
601363,2026-07-12 09:57:12,match,5,7,3.0,azalea,0,749,дьябло,3,ФДМ; Story; Д. Колбасенко,Kaiser; Story; ФДМ; Данил_Колбасенко; дьябло; Зазеркалье; moonlight from spb; Кирюшкинс; Рус; Talisman,https://polemicagame.com/match/601363,
601365,2026-07-12 09:59:59,match,3,9,3.0,Accord,1,596,Пиджак,2,Axeon; Д. Колбасенко,Рус; Kaiser; Axeon; Данил_Колбасенко; Пиджак; Homych; WIMP; Размен; MadCat; Кирюшкинс,https://polemicagame.com/match/601365,
601366,2026-07-12 10:01:06,match,3,10,3.0,Accord,1,93046,Ластхиро,1,Ластхиро,Кcю; отче; StronGlav; Mr.Elvin; Оладуш; Птичка 23; Ластхиро; Парадокс2727; Nmeshka; Зазеркалье,https://polemicagame.com/match/601366,
601367,2026-07-12 10:02:17,match,3,11,3.0,Accord,1,34509,Krista,4,ФДМ; Лиса; Аномалия; Марипоса,Anомалия; Django; 23; Марипоса; Vibe; ФДМ; Krista; Sol invictus; Киса; Лисa,https://polemicagame.com/match/601367,
601372,2026-07-12 10:10:33,match,5,9,3.0,azalea,0,34509,Vibe,2,Story; Секрет,aveeeee; Секрет-; 4p0k; pevoon; Doc.; Незабудочная; KAA; Vibe; Оладуш; Story,https://polemicagame.com/match/601372,
601371,2026-07-12 10:11:37,match,3,14,3.0,Accord,1,69537,Рэндом,3,Macarena; Секрет; Марипоса,ВреднаЯ; Рэндом; Марипоса; Айра.; Секрет-; Инкогнито; pevoon; Macarena; Феодал; Mr.Elvin,https://polemicagame.com/match/601371,
601373,2026-07-12 10:13:05,match,5,10,3.0,azalea,1,128567,.Мышь.,1,ФДМ,Пряник_virtuspro_19; moonlight from spb; ФДМ; sokl; .Мышь.; Феодал; Лекc; Маэстро СПб; Defita; Доктор_Ливси,https://polemicagame.com/match/601373,
601374,2026-07-12 10:14:38,match,3,15,3.0,Accord,1,17360,moonlight from spb,3,ФДМ; Story; Д. Колбасенко,moonlight from spb; ФДМ; Рус; Kilaaahhhh; Незабудочная; Любезный; Данил_Колбасенко; механика; Story; Nmeshka,https://polemicagame.com/match/601374,
601376,2026-07-12 10:15:00,match,5,11,3.0,azalea,0,1316,Kaiser,2,Ластхиро; Д. Колбасенко,Сандра; Kaiser; Saint-P; Оладуш; Данил_Колбасенко; Ластхиро; aveeeee; Homych; Rikso; Stereo,https://polemicagame.com/match/601376,
601375,2026-07-12 10:15:52,match,3,16,3.0,Accord,1,14121,Вальхалла,2,Macarena; Axeon,Чеба; Macarena; Homych; Помидор; отче; Вальхалла; смажьте мясо маслом; Leap; JTH; Axeon,https://polemicagame.com/match/601375,
601379,2026-07-12 10:17:28,match,5,12,3.0,azalea,1,23794,Sol invictus,1,Алёна,Krista; Зазеркалье; MIRS; Птичка 23; Айра.; Alena78; Sol invictus; Том; 23; дьябло,https://polemicagame.com/match/601379,
601381,2026-07-12 10:19:01,match,5,13,3.0,azalea,1,72433,Django,1,Марипоса,Генрих; Talisman; .Мышь.; Country; Stereo; Марипоса; Homych; Пиджак; Катеринa; Django,https://polemicagame.com/match/601381,
601383,2026-07-12 10:21:19,match,5,14,3.0,azalea,0,1316,Kilaaahhhh,3,Story; Лиса; Аномалия,Kilaaahhhh; Story; Saint-P; г-н Sema; Anомалия; Сандра; Незабудочная; Лисa; Рус; JTH,https://polemicagame.com/match/601383,
601412,2026-07-12 10:38:55,match,5,15,3.0,azalea,1,71172,Маэстро СПб,1,Elric,WIMP; Elric; Маэстро СПб; Krista; Кcю; смажьте мясо маслом; дьябло; комик; Doc.; Nevesta,https://polemicagame.com/match/601412,
601413,2026-07-12 10:42:50,match,7,10,3.0,YungBull,1,3229,Alena78,2,Алёна; Марипоса,механика; pevoon; Размен; Ллирик; Alena78; Krista; комик; Том; Марипоса; WIMP,https://polemicagame.com/match/601413,
601417,2026-07-12 10:45:04,match,2,11,3.0,Leap,1,99882,Лекc,2,Алёна; Elric,дьябло; Незабудочная; Генрих; Пиджак; Катеринa; смажьте мясо маслом; Alena78; Elric; Лекc; Размен,https://polemicagame.com/match/601417,
601418,2026-07-12 10:46:17,match,2,12,3.0,Leap,1,76145,Любезный,2,Story; Марипоса,Марипоса; moonlight from spb; Любезный; Феодал; Story; Рэндом; Оладуш; Doc.; WELSH; Kaiser,https://polemicagame.com/match/601418,
601419,2026-07-12 10:47:18,match,2,13,3.0,Leap,1,1316,механика,2,Macarena; Аномалия,механика; sokl; Anомалия; Сандра; Demi; Saint-P; 23; Киса; Macarena; Парадокс2727,https://polemicagame.com/match/601419,
601420,2026-07-12 10:47:53,match,7,12,3.0,YungBull,1,72433,Кcю,2,Секрет; Аномалия,Кcю; Anомалия; Пиджак; Секрет-; Маэстро СПб; StronGlav; Киса; sokl; Кирюшкинс; Kilaaahhhh,https://polemicagame.com/match/601420,
601422,2026-07-12 10:49:36,match,7,13,3.0,YungBull,0,125488,Лисa,2,Story; Лиса,Зазеркалье; Hartmann; Лисa; Том; aveeeee; Story; Птичка 23; Вальхалла; отче; Defita,https://polemicagame.com/match/601422,
601423,2026-07-12 10:49:44,match,2,15,3.0,Leap,1,60797,Mr.Elvin,3,Ластхиро; Axeon; Лиса,Ллирик; Axeon; Sol invictus; Ластхиро; Лисa; Homych; Доктор_Ливси; Mr.Elvin; pevoon; Кирюшкинс,https://polemicagame.com/match/601423,
601424,2026-07-12 10:51:15,match,2,16,3.0,Leap,1,62118,Феодал,1,Story,Kaiser; Феодал; Зазеркалье; Story; Kilaaahhhh; Doc.; .Мышь.; Defita; Nevesta; Маэстро СПб,https://polemicagame.com/match/601424,
601445,2026-07-12 12:12:40,match,4,12,3.0,Кармин,1,72809,aveeeee,3,Ластхиро; ФДМ; Лиса,ФДМ; aveeeee; Лекc; смажьте мясо маслом; Генрих; Помидор; Country; Ластхиро; Лисa; отче,https://polemicagame.com/match/601445,
601486,2026-07-12 14:44:26,match,4,13,3.0,Кармин,0,51777,Оладуш,1,Д. Колбасенко,Маэстро СПб; Kilaaahhhh; StronGlav; Рэндом; Размен; Данил_Колбасенко; MIRS; Феодал; Оладуш; moonlight from spb,https://polemicagame.com/match/601486,
601516,2026-07-12 16:20:34,match,7,14,3.0,YungBull,1,99882,Axeon,5,Ластхиро; Алёна; Axeon; Д. Колбасенко; Elric,дьябло; Alena78; Ластхиро; Пряник_virtuspro_19; Маэстро СПб; moonlight from spb; Axeon; Чеба; Elric; Данил_Колбасенко,https://polemicagame.com/match/601516,
601519,2026-07-12 16:24:29,match,7,16,3.0,YungBull,1,15013,MadCat,1,Аномалия,Айра.; ВреднаЯ; Country; Anомалия; MadCat; Stereo; Hartmann; aveeeee; WELSH; WIMP,https://polemicagame.com/match/601519,
601554,2026-07-12 18:01:00,match,4,15,3.0,Кармин,1,4682,Сандра,1,Macarena,Размен; отче; KAA; .Мышь.; Сандра; Пиджак; Macarena; Django; Demi; 4p0k,https://polemicagame.com/match/601554,
601555,2026-07-12 18:04:15,match,4,16,3.0,Кармин,1,128567,Vibe,3,Секрет; Elric; Марипоса,Saint-P; комик; Секрет-; дьябло; Лекc; Elric; Rikso; Vibe; Марипоса; Инкогнито,https://polemicagame.com/match/601555,
601556,2026-07-12 18:15:06,match,8,13,3.0,Гуcь,1,3229,Помидор,3,Ластхиро; Axeon; Секрет,Ластхиро; Помидор; Кcю; ВреднаЯ; Axeon; Sol invictus; MadCat; Любезный; Секрет-; pevoon,https://polemicagame.com/match/601556,
601665,2026-07-12 21:31:04,match,5,16,3.0,azalea,1,148674,Demi,1,Лиса,Nmeshka; MIRS; Любезный; Лисa; sokl; Размен; Demi; 4p0k; Доктор_Ливси; Рус,https://polemicagame.com/match/601665,
602384,2026-07-15 10:00:00,match,1,25,3.0,Пиджак,0,74059,MikoChu,2,Ластхиро; Macarena,Doc.; Воробушек; MikoChu; Macarena; Сложный; Ллирик; Размен; 23; Ластхиро; Stereo,https://polemicagame.com/match/602384,
602385,2026-07-15 11:00:00,match,1,26,3.0,Пиджак,0,60797,Ластхиро,2,Ластхиро; Macarena,Doc.; Ластхиро; Stereo; MikoChu; Воробушек; 23; Ллирик; Сложный; Macarena; Размен,https://polemicagame.com/match/602385,
602386,2026-07-15 12:00:00,match,1,27,3.0,Пиджак,0,343,Ластхиро,2,Ластхиро; Macarena,Macarena; Stereo; Сложный; Размен; Ллирик; Воробушек; 23; Doc.; MikoChu; Ластхиро,https://polemicagame.com/match/602386,
602387,2026-07-15 13:00:00,match,1,28,3.0,Пиджак,0,1035,Сложный,2,Ластхиро; Macarena,Сложный; Воробушек; MikoChu; Macarena; Doc.; 23; Stereo; Ластхиро; Ллирик; Размен,https://polemicagame.com/match/602387,
603266,2026-07-16 19:00:00,match,1,37,3.0,Juls,1,1305,V.,4,Кармин; Фырчик; Секрет; Д. Колбасенко,ГМЖ; V.; Секрет-; Фырчик; Кармин; XXX Istrebitel mafii; Яблоко; С. Помидор; Данил_Колбасенко; paster,https://polemicagame.com/match/603266,
603267,2026-07-16 20:00:00,match,1,38,3.0,Juls,1,65077,Кармин,4,Кармин; Фырчик; Секрет; Д. Колбасенко,Секрет-; ГМЖ; XXX Istrebitel mafii; С. Помидор; paster; V.; Кармин; Яблоко; Фырчик; Данил_Колбасенко,https://polemicagame.com/match/603267,
603268,2026-07-16 21:00:00,match,1,39,3.0,Juls,1,88950,Яблоко,4,Кармин; Фырчик; Секрет; Д. Колбасенко,Яблоко; Данил_Колбасенко; V.; paster; Фырчик; С. Помидор; XXX Istrebitel mafii; Кармин; ГМЖ; Секрет-,https://polemicagame.com/match/603268,
603269,2026-07-16 22:00:00,match,1,40,3.0,Juls,0,78547,V.,4,Кармин; Фырчик; Секрет; Д. Колбасенко,Данил_Колбасенко; paster; ГМЖ; С. Помидор; V.; Яблоко; Фырчик; Секрет-; XXX Istrebitel mafii; Кармин,https://polemicagame.com/match/603269,
603892,2026-07-18 20:00:00,match,1,1,3.0,Alena78,1,38217,Любезный,2,Алёна; Кармин,Alena78; Кармин; Барре; Сложный; Ленивец; Масик; Ilushan; Шахист; Любезный; Ллирик,https://polemicagame.com/match/603892,
603893,2026-07-18 21:00:00,match,1,2,3.0,Alena78,1,23794,Кармин,2,Алёна; Кармин,Ilushan; Ллирик; Масик; Барре; Шахист; Ленивец; Alena78; Любезный; Кармин; Сложный,https://polemicagame.com/match/603893,
603894,2026-07-18 22:00:00,match,1,3,3.0,Alena78,0,62569,Масик,2,Алёна; Кармин,Масик; Шахист; Ленивец; Любезный; Кармин; Ллирик; Alena78; Барре; Сложный; Ilushan,https://polemicagame.com/match/603894,
603895,2026-07-18 23:00:00,match,1,4,3.0,Alena78,1,68210,Ilushan,2,Алёна; Кармин,Сложный; Любезный; Alena78; Кармин; Шахист; Ллирик; Ilushan; Ленивец; Масик; Барре,https://polemicagame.com/match/603895,
603896,2026-07-19 00:00:00,match,1,5,3.0,Alena78,1,60797,Любезный,2,Алёна; Кармин,Кармин; Ленивец; Шахист; Барре; Alena78; Масик; Любезный; Ллирик; Ilushan; Сложный,https://polemicagame.com/match/603896,
604344,2026-07-19 10:00:00,match,1,29,3.0,azalea,1,471,Лисa,3,Фартушная; Белладонна; Лиса,Ллирик; tms; Лисa; Белладонна; Том; Любезный; Doc.; Псина; shlyuba; Фартушная,https://polemicagame.com/match/604344,
604455,2026-07-19 10:00:00,match,1,33,3.0,azalea,0,71172,LEBRONSPB,2,Фартушная; Белладонна,Псина; Фартушная; Том; Doc.; LEBRONSPB; Оладуш; tms; Любезный; Белладонна; shlyuba,https://polemicagame.com/match/604455,
604345,2026-07-19 11:00:00,match,1,30,3.0,azalea,0,36696,Белладонна,3,Фартушная; Белладонна; Лиса,shlyuba; Том; tms; Белладонна; Ллирик; Любезный; Фартушная; Псина; Лисa; Doc.,https://polemicagame.com/match/604345,
604456,2026-07-19 11:00:00,match,1,34,3.0,azalea,1,62569,Фартушная,2,Фартушная; Белладонна,Любезный; Белладонна; Doc.; Псина; shlyuba; Том; tms; Фартушная; Оладуш; LEBRONSPB,https://polemicagame.com/match/604456,
604346,2026-07-19 12:00:00,match,1,31,3.0,azalea,1,1302,Ллирик,3,Фартушная; Белладонна; Лиса,Doc.; tms; shlyuba; Белладонна; Любезный; Фартушная; Псина; Лисa; Том; Ллирик,https://polemicagame.com/match/604346,
604457,2026-07-19 12:00:00,match,1,35,3.0,azalea,0,344,Любезный,2,Фартушная; Белладонна,Любезный; Том; Белладонна; LEBRONSPB; Псина; shlyuba; Оладуш; Doc.; tms; Фартушная,https://polemicagame.com/match/604457,
604347,2026-07-19 13:00:00,match,1,32,3.0,azalea,0,1302,Doc.,3,Фартушная; Белладонна; Лиса,Doc.; Любезный; Ллирик; Том; Псина; tms; Лисa; Фартушная; Белладонна; shlyuba,https://polemicagame.com/match/604347,
604458,2026-07-19 13:00:00,match,1,36,3.0,azalea,0,62569,shlyuba,2,Фартушная; Белладонна,Оладуш; Фартушная; tms; shlyuba; Белладонна; Doc.; Том; LEBRONSPB; Любезный; Псина,https://polemicagame.com/match/604458,
605082,2026-07-19 13:00:00,match,1,33,3.0,Кармин,1,74291,комик,2,Вега; Axeon,комик; Сан-Франциско; Axeon; Вега; Enigma_Spb; SheyWost; Искра; peg4s; SkOrPionsha_; Talisman,https://polemicagame.com/match/605082,
605083,2026-07-19 14:00:00,match,1,34,3.0,Кармин,0,92089,Вега,2,Вега; Axeon,Talisman; Сан-Франциско; Enigma_Spb; Вега; SheyWost; Axeon; Искра; peg4s; комик; SkOrPionsha_,https://polemicagame.com/match/605083,
605084,2026-07-19 15:00:00,match,1,35,3.0,Кармин,1,143339,Talisman,2,Вега; Axeon,Сан-Франциско; SkOrPionsha_; Talisman; Axeon; SheyWost; комик; Enigma_Spb; Вега; peg4s; Искра,https://polemicagame.com/match/605084,
605085,2026-07-19 16:00:00,match,1,36,3.0,Кармин,1,79731,SkOrPionsha_,2,Вега; Axeon,Axeon; SkOrPionsha_; Вега; peg4s; Talisman; SheyWost; Enigma_Spb; комик; Сан-Франциско; Искра,https://polemicagame.com/match/605085,
605086,2026-07-19 17:00:00,match,1,37,3.0,Кармин,0,84958,Talisman,2,Вега; Axeon,Talisman; Enigma_Spb; Вега; SkOrPionsha_; Rikso; Маэстро СПб; Axeon; Искра; комик; peg4s,https://polemicagame.com/match/605086,
605087,2026-07-19 18:00:00,match,1,38,3.0,Кармин,1,51380,Enigma_Spb,2,Вега; Axeon,Rikso; Вега; Enigma_Spb; Axeon; peg4s; Искра; SkOrPionsha_; Маэстро СПб; комик; Talisman,https://polemicagame.com/match/605087,
605088,2026-07-19 19:00:00,match,1,39,3.0,Кармин,0,74136,Маэстро СПб,2,Вега; Axeon,peg4s; Искра; Вега; Axeon; комик; Talisman; Маэстро СПб; Rikso; Enigma_Spb; SkOrPionsha_,https://polemicagame.com/match/605088,
605089,2026-07-19 20:00:00,match,1,40,3.0,Кармин,1,71705,Вега,2,Вега; Axeon,комик; peg4s; Вега; Rikso; Talisman; Маэстро СПб; Axeon; Искра; Enigma_Spb; SkOrPionsha_,https://polemicagame.com/match/605089,
605542,2026-07-20 10:26:42,match,3,33,3.0,Dmitry_st,1,[],комик,2,Вега; Axeon,комик; Сан-Франциско; Axeon; Вега; Enigma_Spb; SheyWost; Искра; peg4s; SkOrPionsha_; Talisman,https://polemicagame.com/match/605542,
605543,2026-07-20 10:30:03,match,3,34,3.0,Dmitry_st,0,[],Искра,2,Вега; Axeon,Talisman; Сан-Франциско; Enigma_Spb; Вега; SheyWost; Axeon; Искра; peg4s; комик; SkOrPionsha_,https://polemicagame.com/match/605543,
605544,2026-07-20 10:32:49,match,3,35,3.0,Dmitry_st,1,[],Talisman,2,Вега; Axeon,Сан-Франциско; SkOrPionsha_; Talisman; Axeon; SheyWost; комик; Enigma_Spb; Вега; peg4s; Искра,https://polemicagame.com/match/605544,
605547,2026-07-20 10:35:33,match,3,36,3.0,Dmitry_st,1,[],SkOrPionsha_,2,Вега; Axeon,Axeon; SkOrPionsha_; Вега; peg4s; Talisman; SheyWost; Enigma_Spb; комик; Сан-Франциско; Искра,https://polemicagame.com/match/605547,
605548,2026-07-20 10:40:23,match,3,37,3.0,Dmitry_st,0,[],Talisman,2,Вега; Axeon,Talisman; Enigma_Spb; Вега; SkOrPionsha_; Rikso; Маэстро СПб; Axeon; Искра; комик; peg4s,https://polemicagame.com/match/605548,
605549,2026-07-20 10:42:59,match,3,38,3.0,Dmitry_st,1,[],Enigma_Spb,2,Вега; Axeon,Rikso; Вега; Enigma_Spb; Axeon; peg4s; Искра; SkOrPionsha_; Маэстро СПб; комик; Talisman,https://polemicagame.com/match/605549,
605550,2026-07-20 10:45:57,match,3,39,3.0,Dmitry_st,0,[],Вега,2,Вега; Axeon,peg4s; Искра; Вега; Axeon; комик; Talisman; Маэстро СПб; Rikso; Enigma_Spb; SkOrPionsha_,https://polemicagame.com/match/605550,
605551,2026-07-20 10:48:26,match,3,40,3.0,Dmitry_st,1,[],Вега,2,Вега; Axeon,комик; peg4s; Вега; Rikso; Talisman; Маэстро СПб; Axeon; Искра; Enigma_Spb; SkOrPionsha_,https://polemicagame.com/match/605551,
606181,2026-07-22 10:00:00,match,1,37,3.0,azalea,0,71172,Doc.,3,Алёна; Macarena; Axeon,Kaiser; Axeon; Macarena; Juls; Псина; Размен; Alena78; 23; Doc.; Воробушек,https://polemicagame.com/match/606181,
606182,2026-07-22 11:00:00,match,1,38,3.0,azalea,0,4807,Псина,3,Алёна; Macarena; Axeon,Воробушек; Axeon; Псина; Macarena; Juls; Kaiser; Alena78; Doc.; Размен; 23,https://polemicagame.com/match/606182,
606183,2026-07-22 12:00:00,match,1,39,3.0,azalea,1,1035,Kaiser,3,Алёна; Macarena; Axeon,Alena78; Kaiser; 23; Juls; Macarena; Axeon; Размен; Псина; Doc.; Воробушек,https://polemicagame.com/match/606183,
606184,2026-07-22 13:00:00,match,1,40,3.0,azalea,1,749,Doc.,3,Алёна; Macarena; Axeon,Axeon; Macarena; 23; Juls; Doc.; Псина; Размен; Воробушек; Alena78; Kaiser,https://polemicagame.com/match/606184,
607813,2026-07-24 10:00:00,match,1,41,3.0,azalea,1,3229,Mышьяк,3,Фырчик; Секрет; Д. Колбасенко,Гoспoжa; Mышьяк; Данил_Колбасенко; MIRS; Pagoda; pevoon; Homych; Фырчик; Секрет-; Рэндом,https://polemicagame.com/match/607813,
607814,2026-07-24 11:00:00,match,1,42,3.0,azalea,1,88154,Данил_Колбасенко,3,Фырчик; Секрет; Д. Колбасенко,pevoon; Секрет-; Mышьяк; Фырчик; MIRS; Рэндом; Pagoda; Homych; Данил_Колбасенко; Гoспoжa,https://polemicagame.com/match/607814,
607815,2026-07-24 12:00:00,match,1,43,3.0,azalea,0,109360,Гoспoжa,3,Фырчик; Секрет; Д. Колбасенко,Фырчик; Homych; Mышьяк; Pagoda; MIRS; Данил_Колбасенко; Гoспoжa; pevoon; Секрет-; Рэндом,https://polemicagame.com/match/607815,
607816,2026-07-24 13:00:00,match,1,44,3.0,azalea,1,58452,Фырчик,3,Фырчик; Секрет; Д. Колбасенко,Секрет-; Рэндом; pevoon; Pagoda; Mышьяк; MIRS; Фырчик; Гoспoжa; Homych; Данил_Колбасенко,https://polemicagame.com/match/607816,
610166,2026-07-28 10:00:00,match,1,41,3.0,azalea,1,344,Victor,3,Axeon; Белладонна; Марипоса,MikoChu; Белладонна; LEBRONSPB; Victor; Марипоса; Juls; *Ведьма*; Размен; Kaiser; Axeon,https://polemicagame.com/match/610166,
610167,2026-07-28 11:00:00,match,1,42,3.0,azalea,0,84683,Victor,3,Axeon; Белладонна; Марипоса,Axeon; MikoChu; Victor; Размен; *Ведьма*; Juls; Марипоса; LEBRONSPB; Белладонна; Kaiser,https://polemicagame.com/match/610167,
610168,2026-07-28 12:00:00,match,1,43,3.0,azalea,0,26503,Размен,3,Axeon; Белладонна; Марипоса,Juls; Размен; Белладонна; Kaiser; *Ведьма*; Марипоса; Axeon; LEBRONSPB; Victor; MikoChu,https://polemicagame.com/match/610168,
610169,2026-07-28 13:00:00,match,1,44,3.0,azalea,1,344,Размен,3,Axeon; Белладонна; Марипоса,Victor; Juls; *Ведьма*; Размен; Белладонна; Axeon; Марипоса; Kaiser; MikoChu; LEBRONSPB,https://polemicagame.com/match/610169,
610685,2026-07-29 10:00:00,match,1,45,3.0,azalea,1,76145,JTH,3,Hartmann; Вега; Elric,Demi; Вега; WELSH; JTH; HARTMANN_SPB; Mышьяк; MIRS; комик; Гoспoжa; Elric,https://polemicagame.com/match/610685,
610686,2026-07-29 11:00:00,match,1,46,3.0,azalea,1,74136,комик,3,Hartmann; Вега; Elric,WELSH; Demi; Elric; MIRS; комик; Гoспoжa; Mышьяк; Вега; HARTMANN_SPB; JTH,https://polemicagame.com/match/610686,
610687,2026-07-29 12:00:00,match,1,47,3.0,azalea,1,56102,MIRS,3,Hartmann; Вега; Elric,HARTMANN_SPB; JTH; MIRS; Demi; Mышьяк; WELSH; Elric; Гoспoжa; комик; Вега,https://polemicagame.com/match/610687,
610688,2026-07-29 13:00:00,match,1,48,3.0,azalea,1,109360,комик,3,Hartmann; Вега; Elric,Elric; комик; JTH; Гoспoжa; MIRS; WELSH; HARTMANN_SPB; Mышьяк; Demi; Вега,https://polemicagame.com/match/610688,
611089,2026-07-29 15:35:33,match,3,41,3.0,Dmitry_st,1,[],Фырчик,3,Фырчик; Axeon; Elric,peg4s; Сан-Франциско; Фырчик; SheyWost; Elric; Axeon; Оладуш; SkOrPionsha_; Маэстро СПб; Stereo,https://polemicagame.com/match/611089,
611090,2026-07-29 15:36:36,match,3,42,3.0,Dmitry_st,1,[],Elric,3,Фырчик; Axeon; Elric,SheyWost; Сан-Франциско; Elric; Axeon; Фырчик; peg4s; Маэстро СПб; SkOrPionsha_; Оладуш; Stereo,https://polemicagame.com/match/611090,
611091,2026-07-29 15:37:45,match,3,43,3.0,Dmitry_st,0,[],Оладуш,3,Фырчик; Axeon; Elric,Сан-Франциско; peg4s; Маэстро СПб; SheyWost; Elric; SkOrPionsha_; Оладуш; Фырчик; Axeon; Stereo,https://polemicagame.com/match/611091,
611092,2026-07-29 15:38:52,match,3,44,3.0,Dmitry_st,0,[],peg4s,3,Фырчик; Axeon; Elric,Оладуш; Elric; SheyWost; Axeon; Маэстро СПб; SkOrPionsha_; peg4s; Сан-Франциско; Stereo; Фырчик,https://polemicagame.com/match/611092,
611083,2026-07-29 19:00:00,match,1,41,3.0,Dmitry_st,1,74059,Axeon,3,Фырчик; Axeon; Elric,peg4s; Сан-Франциско; Фырчик; SheyWost; Elric; Axeon; Оладуш; SkOrPionsha_; Маэстро СПб; Stereo,https://polemicagame.com/match/611083,
611084,2026-07-29 20:00:00,match,1,42,3.0,Dmitry_st,1,84958,Elric,3,Фырчик; Axeon; Elric,SheyWost; Сан-Франциско; Elric; Axeon; Фырчик; peg4s; Маэстро СПб; SkOrPionsha_; Оладуш; Stereo,https://polemicagame.com/match/611084,
611085,2026-07-29 21:00:00,match,1,43,3.0,Dmitry_st,0,99882,Оладуш,3,Фырчик; Axeon; Elric,Сан-Франциско; peg4s; Маэстро СПб; SheyWost; Elric; SkOrPionsha_; Оладуш; Фырчик; Axeon; Stereo,https://polemicagame.com/match/611085,
611086,2026-07-29 22:00:00,match,1,44,3.0,Dmitry_st,0,51380,Elric,3,Фырчик; Axeon; Elric,Оладуш; Elric; SheyWost; Axeon; Маэстро СПб; SkOrPionsha_; peg4s; Сан-Франциско; Stereo; Фырчик,https://polemicagame.com/match/611086,
611605,2026-07-30 12:53:06,match,1,1,3.0,Anомалия,0,128592,Macarena,3,Hartmann; Macarena; Марипоса,Скорпионша ; Ллирик; Незлой; Antimuge; Leeroyka; Любезный; Марипоса; NotZorro; Macarena; HARTMANN_SPB,https://polemicagame.com/match/611605,
611606,2026-07-30 12:53:15,match,1,2,3.0,Anомалия,1,89123,Macarena,3,Hartmann; Macarena; Марипоса,Macarena; Марипоса; HARTMANN_SPB; Скорпионша ; NotZorro; Ллирик; Antimuge; Leeroyka; Незлой; Любезный,https://polemicagame.com/match/611606,
611607,2026-07-30 12:53:22,match,1,3,3.0,Anомалия,1,60797,Antimuge,3,Hartmann; Macarena; Марипоса,Leeroyka; Любезный; Скорпионша ; Macarena; Незлой; HARTMANN_SPB; Марипоса; Ллирик; NotZorro; Antimuge,https://polemicagame.com/match/611607,
611608,2026-07-30 12:54:45,match,1,4,3.0,Anомалия,1,1238,NotZorro,3,Hartmann; Macarena; Марипоса,NotZorro; Antimuge; Марипоса; Любезный; HARTMANN_SPB; Скорпионша ; Leeroyka; Незлой; Ллирик; Macarena,https://polemicagame.com/match/611608,
611609,2026-07-30 12:54:52,match,1,5,3.0,Anомалия,1,11781,Незлой,3,Hartmann; Macarena; Марипоса,Незлой; Leeroyka; Ллирик; HARTMANN_SPB; Antimuge; Macarena; NotZorro; Скорпионша ; Любезный; Марипоса,https://polemicagame.com/match/611609,
611770,2026-07-31 10:00:00,match,1,49,3.0,azalea,1,88133,Инкогнито,1,Д. Колбасенко,Rikso; V.; ГМЖ; Данил_Колбасенко; Инкогнито; Прогрессор; Яблоко; Mышьяк; XXX Istrebitel mafii; Slam,https://polemicagame.com/match/611770,
611771,2026-07-31 11:00:00,match,1,50,3.0,azalea,1,109188,XXX Istrebitel mafii,1,Д. Колбасенко,Mышьяк; Яблоко; XXX Istrebitel mafii; Slam; ГМЖ; V.; Прогрессор; Данил_Колбасенко; Rikso; Инкогнито,https://polemicagame.com/match/611771,
611772,2026-07-31 12:00:00,match,1,51,3.0,azalea,0,1305,Яблоко,1,Д. Колбасенко,Данил_Колбасенко; Slam; Rikso; XXX Istrebitel mafii; V.; ГМЖ; Прогрессор; Mышьяк; Яблоко; Инкогнито,https://polemicagame.com/match/611772,
611773,2026-07-31 13:00:00,match,1,52,3.0,azalea,1,98814,Rikso,1,Д. Колбасенко,Инкогнито; ГМЖ; Rikso; XXX Istrebitel mafii; Mышьяк; Slam; Прогрессор; V.; Данил_Колбасенко; Яблоко,https://polemicagame.com/match/611773,
612256,2026-08-01 10:00:00,match,1,1,3.0,Цapь,0,63218,дьябло,1,Саня запчасти,baka~; Irukan; дьябло; Нефела; саня запчасти; Маэстро СПб; Turist77755; Птыц.; Tim Slim; Leap,https://polemicagame.com/match/612256,
612257,2026-08-01 11:00:00,match,1,2,3.0,Цapь,1,113526,Leap,1,Саня запчасти,Tim Slim; Птыц.; Irukan; саня запчасти; дьябло; Маэстро СПб; Leap; Нефела; Turist77755; baka~,https://polemicagame.com/match/612257,
611615,2026-08-01 12:00:00,match,1,1,3.0,Anомалия,0,8368,г-н Sema,2,Вега; Марипоса,Марипоса; Вега; г-н Sema; StronGlav; pochemyyazdes; Доктор_Ливси; комик; Стекошка; Doc.; paster,https://polemicagame.com/match/611615,
612258,2026-08-01 12:00:00,match,1,3,3.0,Цapь,1,124298,Птыц.,1,Саня запчасти,Turist77755; baka~; Tim Slim; Irukan; Птыц.; дьябло; Маэстро СПб; Нефела; Leap; саня запчасти,https://polemicagame.com/match/612258,
611616,2026-08-01 13:00:00,match,1,2,3.0,Anомалия,1,74136,г-н Sema,2,Вега; Марипоса,pochemyyazdes; Doc.; г-н Sema; paster; комик; StronGlav; Доктор_Ливси; Стекошка; Марипоса; Вега,https://polemicagame.com/match/611616,
612259,2026-08-01 13:00:00,match,1,4,3.0,Цapь,1,84958,Irukan,1,Саня запчасти,Нефела; Leap; Tim Slim; саня запчасти; Птыц.; Turist77755; Маэстро СПб; дьябло; Irukan; baka~,https://polemicagame.com/match/612259,
611617,2026-08-01 14:00:00,match,1,3,3.0,Anомалия,1,2951,Вега,2,Вега; Марипоса,StronGlav; pochemyyazdes; г-н Sema; Доктор_Ливси; комик; Вега; Doc.; Марипоса; paster; Стекошка,https://polemicagame.com/match/611617,
612260,2026-08-01 14:00:00,match,1,5,3.0,Цapь,1,132100,Нефела,1,Саня запчасти,Маэстро СПб; Tim Slim; Irukan; baka~; Птыц.; Turist77755; саня запчасти; дьябло; Leap; Нефела,https://polemicagame.com/match/612260,
611618,2026-08-01 15:00:00,match,1,4,3.0,Anомалия,1,71705,г-н Sema,2,Вега; Марипоса,Стекошка; комик; pochemyyazdes; Доктор_Ливси; Вега; г-н Sema; Марипоса; StronGlav; paster; Doc.,https://polemicagame.com/match/611618,
612261,2026-08-01 15:00:00,match,1,6,3.0,Цapь,1,5623,Нефела,1,Саня запчасти,дьябло; Leap; Нефела; Turist77755; саня запчасти; Маэстро СПб; baka~; Птыц.; Tim Slim; Irukan,https://polemicagame.com/match/612261,
611619,2026-08-01 16:00:00,match,1,5,3.0,Anомалия,1,65077,Стекошка,2,Вега; Марипоса,Марипоса; Стекошка; pochemyyazdes; г-н Sema; комик; Вега; Доктор_Ливси; paster; Doc.; StronGlav,https://polemicagame.com/match/611619,
612262,2026-08-01 16:00:00,match,1,7,3.0,Цapь,1,139585,саня запчасти,1,Саня запчасти,Irukan; Маэстро СПб; Leap; саня запчасти; Turist77755; Нефела; baka~; Птыц.; дьябло; Tim Slim,https://polemicagame.com/match/612262,
612263,2026-08-01 17:00:00,match,1,8,3.0,Цapь,0,115881,дьябло,1,Саня запчасти,дьябло; baka~; Птыц.; саня запчасти; Маэстро СПб; Нефела; Leap; Turist77755; Tim Slim; Irukan,https://polemicagame.com/match/612263,
611621,2026-08-01 18:00:00,match,1,7,3.0,Anомалия,0,71172,Macarena,3,Macarena; Вега; Аномалия,г-н Sema; комик; Anомалия; StronGlav; Стекошка; Аккорд; Macarena; pochemyyazdes; Doc.; Вега,https://polemicagame.com/match/611621,
612264,2026-08-01 18:00:00,match,1,9,3.0,Цapь,0,124298,Нефела,1,Саня запчасти,дьябло; Turist77755; baka~; Маэстро СПб; саня запчасти; Leap; Irukan; Птыц.; Нефела; Tim Slim,https://polemicagame.com/match/612264,
611622,2026-08-01 19:00:00,match,1,8,3.0,Anомалия,1,2951,Аккорд,3,Macarena; Вега; Аномалия,Doc.; Anомалия; комик; StronGlav; Стекошка; Macarena; г-н Sema; Аккорд; ППК; Вега,https://polemicagame.com/match/611622,
612265,2026-08-01 19:00:00,match,1,10,3.0,Цapь,1,84958,саня запчасти,1,Саня запчасти,Птыц.; Leap; саня запчасти; Маэстро СПб; Нефела; Turist77755; Tim Slim; Irukan; дьябло; baka~,https://polemicagame.com/match/612265,
611623,2026-08-01 20:00:00,match,1,9,3.0,Anомалия,1,103082,Стекошка,3,Macarena; Вега; Аномалия,Стекошка; Anомалия; г-н Sema; StronGlav; Аккорд; Doc.; ППК; Macarena; комик; Вега,https://polemicagame.com/match/611623,
612913,2026-08-01 20:12:18,match,1,6,3.0,Гуcь,1,74136,г-н Sema,2,Вега; Аномалия,г-н Sema; комик; pochemyyazdes; Доктор_Ливси; Стекошка; Anомалия; Doc.; StronGlav; Аккорд; Вега,https://polemicagame.com/match/612913,
611624,2026-08-01 21:00:00,match,1,10,3.0,Anомалия,0,74136,StronGlav,4,Macarena; Вега; Д. Колбасенко; Аномалия,StronGlav; комик; Данил_Колбасенко; Вега; Стекошка; г-н Sema; Macarena; ППК; Аккорд; Anомалия,https://polemicagame.com/match/611624,
611625,2026-08-01 22:00:00,match,1,11,3.0,Anомалия,0,3229,ГМЖ,3,Кармин; Д. Колбасенко; Марипоса,Healer; ППК; pevoon; WELSH; Antimuge; ГМЖ; Данил_Колбасенко; Марипоса; Кармин; SheyWost,https://polemicagame.com/match/611625,
611626,2026-08-01 23:00:00,match,1,12,3.0,Anомалия,1,5605,ГМЖ,3,Кармин; Д. Колбасенко; Марипоса,pevoon; Antimuge; SheyWost; Healer; WELSH; Данил_Колбасенко; Кармин; pochemyyazdes; Марипоса; ГМЖ,https://polemicagame.com/match/611626,
611627,2026-08-02 00:00:00,match,1,13,3.0,Anомалия,1,76145,SheyWost,3,Кармин; Д. Колбасенко; Марипоса,Кармин; ГМЖ; WELSH; Healer; Данил_Колбасенко; Марипоса; Antimuge; pevoon; ППК; SheyWost,https://polemicagame.com/match/611627,
611628,2026-08-02 01:00:00,match,1,14,3.0,Anомалия,0,5605,Марипоса,3,Кармин; Д. Колбасенко; Марипоса,Марипоса; ППК; Antimuge; WELSH; Кармин; Данил_Колбасенко; pevoon; Healer; ГМЖ; SheyWost,https://polemicagame.com/match/611628,
611629,2026-08-02 02:00:00,match,1,15,3.0,Anомалия,1,128592,ППК,3,Кармин; Д. Колбасенко; Марипоса,WELSH; pevoon; Healer; Antimuge; ГМЖ; Данил_Колбасенко; Кармин; SheyWost; ППК; Марипоса,https://polemicagame.com/match/611629,
611630,2026-08-02 03:00:00,match,1,16,3.0,Anомалия,0,3229,ГМЖ,2,Кармин; Д. Колбасенко,Кармин; ГМЖ; Чеба; SheyWost; pevoon; WELSH; Healer; Antimuge; Данил_Колбасенко; ППК,https://polemicagame.com/match/611630,
611631,2026-08-02 04:00:00,match,1,17,3.0,Anомалия,1,84172,Antimuge,2,Кармин; Д. Колбасенко,Healer; Antimuge; pevoon; Данил_Колбасенко; Кармин; Чеба; ГМЖ; ППК; WELSH; SheyWost,https://polemicagame.com/match/611631,
611632,2026-08-02 05:00:00,match,1,18,3.0,Anомалия,0,103082,pevoon,2,Кармин; Д. Колбасенко,pevoon; Данил_Колбасенко; ППК; Чеба; WELSH; SheyWost; Healer; ГМЖ; Antimuge; Кармин,https://polemicagame.com/match/611632,
611633,2026-08-02 06:00:00,match,1,19,3.0,Anомалия,0,98325,Данил_Колбасенко,2,Кармин; Д. Колбасенко,Данил_Колбасенко; Healer; Чеба; pochemyyazdes; WELSH; pevoon; ГМЖ; Кармин; Antimuge; SheyWost,https://polemicagame.com/match/611633,
611634,2026-08-02 07:00:00,match,1,20,3.0,Anомалия,0,74291,ГМЖ,1,Кармин,ГМЖ; Кармин; pevoon; Размен; Чеба; Healer; Antimuge; WELSH; SheyWost; pochemyyazdes,https://polemicagame.com/match/611634,
611635,2026-08-02 08:00:00,match,1,21,3.0,Anомалия,0,343,саня запчасти,4,Ластхиро; Саня запчасти; Story; Macarena,Macarena; Гoспoжa; Размен; Stereo; саня запчасти; Чеба; 23; Story; Ластхиро; paster,https://polemicagame.com/match/611635,
611636,2026-08-02 09:00:00,match,1,22,3.0,Anомалия,1,4807,Ластхиро,4,Ластхиро; Саня запчасти; Story; Macarena,саня запчасти; 23; Чеба; Stereo; Macarena; Story; Гoспoжa; paster; Ластхиро; Размен,https://polemicagame.com/match/611636,
611637,2026-08-02 10:00:00,match,1,23,3.0,Anомалия,1,74059,Ластхиро,4,Ластхиро; Саня запчасти; Story; Macarena,paster; Stereo; Чеба; Ластхиро; Размен; саня запчасти; Story; Macarena; Гoспoжa; 23,https://polemicagame.com/match/611637,
611638,2026-08-02 11:00:00,match,1,24,3.0,Anомалия,0,65077,paster,4,Ластхиро; Саня запчасти; Story; Macarena,Macarena; саня запчасти; Чеба; Story; Stereo; 23; Гoспoжa; paster; Размен; Ластхиро,https://polemicagame.com/match/611638,
613292,2026-08-02 11:14:36,match,3,45,3.0,Dmitry_st,0,[],Фырчик,3,Вега; Фырчик; Elric,Elric; Искра; Вега; комик; Фырчик; Talisman; Декс; Оладуш; Сан-Франциско; ГМЖ,https://polemicagame.com/match/613292,
613293,2026-08-02 11:15:54,match,3,46,3.0,Dmitry_st,1,[],Вега,3,Вега; Фырчик; Elric,Искра; Вега; Elric; Talisman; Декс; Сан-Франциско; комик; ГМЖ; Фырчик; Оладуш,https://polemicagame.com/match/613293,
613294,2026-08-02 11:17:18,match,3,47,3.0,Dmitry_st,1,[],комик,3,Вега; Фырчик; Elric,Декс; Фырчик; Talisman; Искра; ГМЖ; комик; Вега; Elric; Оладуш; Сан-Франциско,https://polemicagame.com/match/613294,
613296,2026-08-02 11:18:16,match,3,48,3.0,Dmitry_st,1,[],Вега,3,Вега; Фырчик; Elric,Фырчик; Вега; Talisman; Декс; ГМЖ; Сан-Франциско; комик; Оладуш; Elric; Искра,https://polemicagame.com/match/613296,
611639,2026-08-02 12:00:00,match,1,25,3.0,Anомалия,0,109360,paster,4,Ластхиро; Саня запчасти; Story; Macarena,саня запчасти; Ластхиро; Гoспoжa; Macarena; Story; 23; Чеба; Stereo; paster; Размен,https://polemicagame.com/match/611639,
611640,2026-08-02 13:00:00,match,1,26,3.0,Anомалия,0,4807,Гoспoжa,4,Ластхиро; Саня запчасти; Story; Аномалия,саня запчасти; Аккорд; Доктор_Ливси; Ластхиро; Гoспoжa; Размен; Stereo; Anомалия; Story; 23,https://polemicagame.com/match/611640,
613288,2026-08-02 13:00:00,match,1,45,3.0,Dmitry_st,0,67793,Фырчик,3,Вега; Фырчик; Elric,Elric; Искра; Вега; комик; Фырчик; Talisman; Декс; Оладуш; Сан-Франциско; ГМЖ,https://polemicagame.com/match/613288,
613339,2026-08-02 13:29:32,match,4,41,3.0,ЧехонтЭ,1,[],youngstanis,1,Секрет,Секрет-; Overlordff; На себя; Дионисий; Witgen; pochemyyazdes; Листик_SPb; Sirena13; youngstanis; Инкогнито,https://polemicagame.com/match/613339,
611641,2026-08-02 14:00:00,match,1,27,3.0,Anомалия,0,59762,23,4,Ластхиро; Саня запчасти; Story; Аномалия,Doc.; Гoспoжa; Stereo; Anомалия; 23; Story; Аккорд; Ластхиро; Доктор_Ливси; саня запчасти,https://polemicagame.com/match/611641,
613289,2026-08-02 14:00:00,match,1,46,3.0,Dmitry_st,1,98325,Вега,3,Вега; Фырчик; Elric,Искра; Вега; Elric; Talisman; Декс; Сан-Франциско; комик; ГМЖ; Фырчик; Оладуш,https://polemicagame.com/match/613289,
613356,2026-08-02 14:24:05,match,4,42,3.0,ЧехонтЭ,1,[],Дионисий,1,Секрет,Инкогнито; Дионисий; youngstanis; Секрет-; Witgen; Листик_SPb; Sirena13; Overlordff; На себя; pochemyyazdes,https://polemicagame.com/match/613356,
611642,2026-08-02 15:00:00,match,1,28,3.0,Anомалия,1,858,Stereo,4,Ластхиро; Саня запчасти; Story; Аномалия,23; Доктор_Ливси; Аккорд; Anомалия; Story; Гoспoжa; Размен; Ластхиро; Stereo; саня запчасти,https://polemicagame.com/match/611642,
613290,2026-08-02 15:00:00,match,1,47,3.0,Dmitry_st,1,56690,комик,3,Вега; Фырчик; Elric,Декс; Фырчик; Talisman; Искра; ГМЖ; комик; Вега; Elric; Оладуш; Сан-Франциско,https://polemicagame.com/match/613290,
613380,2026-08-02 15:19:09,match,4,43,3.0,ЧехонтЭ,1,[],pochemyyazdes,1,Секрет,pochemyyazdes; Sirena13; Листик_SPb; Инкогнито; Witgen; Overlordff; На себя; Секрет-; youngstanis; Дионисий,https://polemicagame.com/match/613380,
611643,2026-08-02 16:00:00,match,1,29,3.0,Anомалия,1,98224,Macarena,5,Ластхиро; Саня запчасти; Story; Macarena; Аномалия,Stereo; Аккорд; 23; Macarena; Story; саня запчасти; Гoспoжa; Anомалия; Размен; Ластхиро,https://polemicagame.com/match/611643,
613291,2026-08-02 16:00:00,match,1,48,3.0,Dmitry_st,1,92089,Вега,3,Вега; Фырчик; Elric,Фырчик; Вега; Talisman; Декс; ГМЖ; Сан-Франциско; комик; Оладуш; Elric; Искра,https://polemicagame.com/match/613291,
611644,2026-08-02 17:00:00,match,1,30,3.0,Anомалия,1,74059,Аккорд,4,Ластхиро; Саня запчасти; Story; Аномалия,Доктор_Ливси; 23; Stereo; Размен; Story; Ластхиро; Аккорд; Anомалия; Гoспoжa; саня запчасти,https://polemicagame.com/match/611644,
613411,2026-08-02 17:03:18,match,4,44,3.0,ЧехонтЭ,0,[],Sirena13,1,Секрет,Листик_SPb; Инкогнито; На себя; youngstanis; Sirena13; Секрет-; Overlordff; Дионисий; pochemyyazdes; Witgen,https://polemicagame.com/match/613411,
613281,2026-08-03 13:00:00,match,1,41,3.0,ЧехонтЭ,1,88154,pochemyyazdes,1,Секрет,Секрет-; Overlordff; На себя; Дионисий; Witgen; pochemyyazdes; Листик_SPb; Sirena13; youngstanis; Инкогнито,https://polemicagame.com/match/613281,
613282,2026-08-03 14:00:00,match,1,42,3.0,ЧехонтЭ,1,109188,Дионисий,1,Секрет,Инкогнито; Дионисий; youngstanis; Секрет-; Witgen; Листик_SPb; Sirena13; Overlordff; На себя; pochemyyazdes,https://polemicagame.com/match/613282,
613283,2026-08-03 15:00:00,match,1,43,3.0,ЧехонтЭ,1,105912,pochemyyazdes,1,Секрет,pochemyyazdes; Sirena13; Листик_SPb; Инкогнито; Witgen; Overlordff; На себя; Секрет-; youngstanis; Дионисий,https://polemicagame.com/match/613283,
613284,2026-08-03 16:00:00,match,1,44,3.0,ЧехонтЭ,0,109188,Листик_SPb,1,Секрет,Листик_SPb; Инкогнито; На себя; youngstanis; Sirena13; Секрет-; Overlordff; Дионисий; pochemyyazdes; Witgen,https://polemicagame.com/match/613284,
613967,2026-08-04 10:00:00,match,1,45,3.0,azalea,0,36696,Stereo,4,Ластхиро; avomarika; Белладонна; Лиса,Том; Stereo; *Ведьма*; Kaiser; Кирюшкинс; Лисa; Сложный; avomarika; Белладонна; Ластхиро,https://polemicagame.com/match/613967,
613968,2026-08-04 11:00:00,match,1,46,3.0,azalea,1,343,Лисa,4,Ластхиро; avomarika; Белладонна; Лиса,Белладонна; Лисa; avomarika; Stereo; Кирюшкинс; Сложный; Том; Ластхиро; *Ведьма*; Kaiser,https://polemicagame.com/match/613968,
613969,2026-08-04 12:00:00,match,1,47,3.0,azalea,1,84683,Кирюшкинс,4,Ластхиро; avomarika; Белладонна; Лиса,Ластхиро; Kaiser; Сложный; Лисa; Том; Stereo; avomarika; Кирюшкинс; *Ведьма*; Белладонна,https://polemicagame.com/match/613969,
613970,2026-08-04 13:00:00,match,1,48,3.0,azalea,0,36696,Ластхиро,4,Ластхиро; avomarika; Белладонна; Лиса,Сложный; Белладонна; *Ведьма*; Кирюшкинс; Ластхиро; Лисa; Том; avomarika; Kaiser; Stereo,https://polemicagame.com/match/613970,
614484,2026-08-05 10:00:00,match,1,49,3.0,azalea,1,431,Stereo,4,Ластхиро; Фартушная; Алёна; Марипоса,Stereo; 23; Фартушная; MikoChu; Марипоса; Victor; Kaiser; Alena78; Сложный; Ластхиро,https://polemicagame.com/match/614484,
614485,2026-08-05 11:00:00,match,1,50,3.0,azalea,1,35960,Kaiser,4,Ластхиро; Фартушная; Алёна; Марипоса,Марипоса; Сложный; Victor; Kaiser; Фартушная; MikoChu; 23; Alena78; Ластхиро; Stereo,https://polemicagame.com/match/614485,
614486,2026-08-05 12:00:00,match,1,51,3.0,azalea,0,431,Alena78,4,Ластхиро; Фартушная; Алёна; Марипоса,Сложный; Alena78; MikoChu; Ластхиро; Kaiser; Фартушная; Stereo; Марипоса; 23; Victor,https://polemicagame.com/match/614486,
614487,2026-08-05 13:00:00,match,1,52,3.0,azalea,1,23794,Марипоса,4,Ластхиро; Фартушная; Алёна; Марипоса,Victor; Сложный; Stereo; MikoChu; Alena78; 23; Марипоса; Фартушная; Kaiser; Ластхиро,https://polemicagame.com/match/614487,
615418,2026-08-07 10:00:00,match,1,53,3.0,Leap,0,74136,Секрет-,4,Hartmann; Кармин; Вега; Секрет,Nevesta; Рус; Aufstralia; Секрет-; Кармин; HARTMANN_SPB; дьябло; WELSH; ronder; Вега,https://polemicagame.com/match/615418,
615419,2026-08-07 11:00:00,match,1,54,3.0,Leap,0,56102,HARTMANN_SPB,4,Hartmann; Кармин; Вега; Секрет,ronder; HARTMANN_SPB; WELSH; Nevesta; Секрет-; дьябло; Aufstralia; Рус; Вега; Кармин,https://polemicagame.com/match/615419,
615420,2026-08-07 12:00:00,match,1,55,3.0,Leap,1,76145,ronder,4,Hartmann; Кармин; Вега; Секрет,дьябло; WELSH; Вега; Aufstralia; ronder; Рус; HARTMANN_SPB; Кармин; Nevesta; Секрет-,https://polemicagame.com/match/615420,
615421,2026-08-07 13:00:00,match,1,56,3.0,Leap,0,74136,WELSH,4,Hartmann; Кармин; Вега; Секрет,Рус; Вега; Секрет-; ronder; HARTMANN_SPB; WELSH; Nevesta; Aufstralia; Кармин; дьябло,https://polemicagame.com/match/615421,
617723,2026-08-11 10:00:00,match,1,53,3.0,azalea,0,68210,avomarika,5,avomarika; Axeon; Белладонна; Лиса; Марипоса,avomarika; Axeon; Белладонна; LEBRONSPB; Лисa; Сложный; *Ведьма*; Кирюшкинс; Марипоса; Оладуш,https://polemicagame.com/match/617723,
617724,2026-08-11 11:00:00,match,1,54,3.0,azalea,1,344,avomarika,5,avomarika; Axeon; Белладонна; Лиса; Марипоса,Марипоса; Axeon; *Ведьма*; Белладонна; Кирюшкинс; LEBRONSPB; Лисa; Сложный; Оладуш; avomarika,https://polemicagame.com/match/617724,
617725,2026-08-11 12:00:00,match,1,55,3.0,azalea,1,86129,Axeon,5,avomarika; Axeon; Белладонна; Лиса; Марипоса,Сложный; Axeon; Лисa; *Ведьма*; avomarika; Марипоса; Белладонна; Оладуш; Кирюшкинс; LEBRONSPB,https://polemicagame.com/match/617725,
617726,2026-08-11 13:00:00,match,1,56,3.0,azalea,1,84683,avomarika,5,avomarika; Axeon; Белладонна; Лиса; Марипоса,*Ведьма*; Оладуш; Белладонна; avomarika; LEBRONSPB; Марипоса; Axeon; Кирюшкинс; Лисa; Сложный,https://polemicagame.com/match/617726,
618175,2026-08-12 10:00:00,match,1,57,3.0,azalea,1,125488,Elric,1,Elric,paster; Homych; Pagoda; Elric; С. Помидор; pevoon; JTH; комик; Птичка 23; Irukan,https://polemicagame.com/match/618175,
618176,2026-08-12 11:00:00,match,1,58,3.0,azalea,0,58452,Irukan,1,Elric,Irukan; Pagoda; JTH; paster; комик; Elric; Homych; Птичка 23; pevoon; С. Помидор,https://polemicagame.com/match/618176,
618177,2026-08-12 12:00:00,match,1,59,3.0,azalea,0,3229,Irukan,1,Elric,JTH; pevoon; Irukan; Homych; Pagoda; Elric; Птичка 23; комик; paster; С. Помидор,https://polemicagame.com/match/618177,
618178,2026-08-12 13:00:00,match,1,60,3.0,azalea,0,3229,pevoon,1,Elric,Homych; Pagoda; Elric; pevoon; JTH; С. Помидор; Птичка 23; комик; Irukan; paster,https://polemicagame.com/match/618178,
619119,2026-08-14 10:00:00,match,1,61,3.0,azalea,1,74136,Rikso,1,Вега,Инкогнито; Прогрессор; Irukan; Rikso; Nevesta; ronder; Рус; Вега; Птичка 23; pevoon,https://polemicagame.com/match/619119,
619120,2026-08-14 11:00:00,match,1,62,3.0,azalea,0,17360,Птичка 23,1,Вега,Птичка 23; Инкогнито; Рус; Rikso; Nevesta; pevoon; Irukan; Прогрессор; Вега; ronder,https://polemicagame.com/match/619120,
619121,2026-08-14 12:00:00,match,1,63,3.0,azalea,1,62881,Вега,1,Вега,Вега; pevoon; Nevesta; ronder; Прогрессор; Irukan; Рус; Инкогнито; Птичка 23; Rikso,https://polemicagame.com/match/619121,
619122,2026-08-14 13:00:00,match,1,64,3.0,azalea,0,109188,Рус,1,Вега,Прогрессор; Рус; ronder; pevoon; Irukan; Nevesta; Вега; Инкогнито; Rikso; Птичка 23,https://polemicagame.com/match/619122,
619740,2026-08-15 11:00:00,match,1,1,3.0,Dmitry_st,1,5605,Tim Slim,2,Вега; Аномалия,Demi; Tim Slim; Плюшка); Anомалия; Размен; Фростик; 23; Рус; Вега; Antimuge,https://polemicagame.com/match/619740,
619742,2026-08-15 11:00:00,match,3,1,3.0,Juls,1,71483,Axeon,3,Hartmann; Axeon; Elric,Чеба; .Мышь.; Elric; Орочимару; WIMP; Птичка 23; Saint-P; Homych; Axeon; HARTMANN_SPB,https://polemicagame.com/match/619742,
619743,2026-08-15 11:00:00,match,4,1,3.0,Скорпионша ,1,71172,Krista,1,Д. Колбасенко,Iven; Doc.; Декс; logic_spb; pevoon; Ллирик; Krista; Данил_Колбасенко; Кирюшкинс; Сложный,https://polemicagame.com/match/619743,
619744,2026-08-15 11:00:00,match,5,1,3.0,Leap,0,62569,Кармин,6,Ластхиро; avomarika; Macarena; Кармин; Белладонна; Марипоса,Кармин; Ластхиро; Macarena; avomarika; Сандра; Белладонна; Любезный; Доктор_Ливси; Марипоса; Маэстро СПб,https://polemicagame.com/match/619744,
620019,2026-08-15 11:42:41,match,2,1,3.0,azalea,1,23794,Султан СПБ,2,Алёна; Лиса,Alena78; paster; WELSH; Пряник_virtuspro_19; Султан СПБ; Лисa; дьябло; Киса; Том; Nevesta,https://polemicagame.com/match/620019,
619745,2026-08-15 12:00:00,match,1,2,3.0,Dmitry_st,0,74136,Вега,3,avomarika; Вега; Лиса,Султан СПБ; Лисa; Вега; Пряник_virtuspro_19; paster; Доктор_Ливси; Размен; Том; Декс; avomarika,https://polemicagame.com/match/619745,
619746,2026-08-15 12:00:00,match,2,2,3.0,azalea,1,84683,Alena78,5,Алёна; Hartmann; Кармин; Axeon; Белладонна,Кармин; Axeon; Homych; Alena78; Tim Slim; Чеба; HARTMANN_SPB; Nevesta; Белладонна; Ллирик,https://polemicagame.com/match/619746,
619747,2026-08-15 12:00:00,match,3,2,3.0,Juls,0,5605,дьябло,2,Д. Колбасенко; Марипоса,Saint-P; дьябло; Сложный; Antimuge; Рус; WIMP; Марипоса; Данил_Колбасенко; Кирюшкинс; Demi,https://polemicagame.com/match/619747,
619748,2026-08-15 12:00:00,match,4,2,3.0,Скорпионша ,1,71172,Elric,2,Ластхиро; Elric,pevoon; .Мышь.; logic_spb; Орочимару; Elric; Фростик; Doc.; Ластхиро; Птичка 23; WELSH,https://polemicagame.com/match/619748,
619749,2026-08-15 12:00:00,match,5,2,3.0,Leap,0,858,Маэстро СПб,2,Macarena; Аномалия,Маэстро СПб; Krista; 23; Macarena; Anомалия; Сандра; Iven; Киса; Плюшка); Любезный,https://polemicagame.com/match/619749,
619750,2026-08-15 13:00:00,match,1,3,3.0,Dmitry_st,0,36696,Маэстро СПб,3,Hartmann; Axeon; Аномалия,Орочимару; Маэстро СПб; Anомалия; HARTMANN_SPB; Рус; logic_spb; Том; Ллирик; Фростик; Axeon,https://polemicagame.com/match/619750,
619751,2026-08-15 13:00:00,match,2,3,3.0,azalea,1,70253,Доктор_Ливси,3,avomarika; Macarena; Кармин,Saint-P; Tim Slim; Доктор_Ливси; Macarena; WIMP; Киса; .Мышь.; Demi; avomarika; Кармин,https://polemicagame.com/match/619751,
619752,2026-08-15 13:00:00,match,3,3,3.0,Juls,1,3229,Белладонна,3,Алёна; Белладонна; Лиса,pevoon; Декс; Alena78; Султан СПБ; Лисa; WELSH; Белладонна; Antimuge; Любезный; Iven,https://polemicagame.com/match/619752,
619753,2026-08-15 13:00:00,match,4,3,3.0,Скорпионша ,1,68210,Марипоса,1,Марипоса,Homych; Сложный; дьябло; Krista; paster; Марипоса; Nevesta; 23; Размен; Плюшка),https://polemicagame.com/match/619753,
619754,2026-08-15 13:00:00,match,5,3,3.0,Leap,0,1316,Данил_Колбасенко,4,Ластхиро; Вега; Д. Колбасенко; Elric,Птичка 23; Elric; Пряник_virtuspro_19; Данил_Колбасенко; Кирюшкинс; Чеба; Вега; Сандра; Doc.; Ластхиро,https://polemicagame.com/match/619754,
619755,2026-08-15 14:00:00,match,1,4,3.0,Dmitry_st,1,71172,Султан СПБ,4,Ластхиро; Алёна; Вега; Белладонна,Рус; Белладонна; Султан СПБ; 23; Вега; Ластхиро; дьябло; Doc.; Alena78; Homych,https://polemicagame.com/match/619755,
619756,2026-08-15 14:00:00,match,2,4,3.0,azalea,0,3229,Кармин,2,Hartmann; Кармин,Кармин; Krista; logic_spb; Saint-P; paster; Tim Slim; Птичка 23; HARTMANN_SPB; Nevesta; pevoon,https://polemicagame.com/match/619756,
619757,2026-08-15 14:00:00,match,3,4,3.0,Juls,0,68210,Пряник_virtuspro_19,4,avomarika; Macarena; Лиса; Д. Колбасенко,Пряник_virtuspro_19; WELSH; Сложный; Лисa; Декс; Macarena; avomarika; Данил_Колбасенко; Фростик; Плюшка),https://polemicagame.com/match/619757,
619758,2026-08-15 14:00:00,match,4,4,3.0,Скорпионша ,1,98224,Сандра,1,Аномалия,Antimuge; Кирюшкинс; Demi; Ллирик; Маэстро СПб; Чеба; Киса; Орочимару; Сандра; Anомалия,https://polemicagame.com/match/619758,
619759,2026-08-15 14:00:00,match,5,4,3.0,Leap,1,36696,Iven,3,Axeon; Elric; Марипоса,.Мышь.; WIMP; Доктор_Ливси; Любезный; Elric; Iven; Марипоса; Axeon; Размен; Том,https://polemicagame.com/match/619759,
619760,2026-08-15 15:00:00,match,1,5,3.0,Dmitry_st,1,70253,pevoon,2,Macarena; Лиса,Киса; Лисa; Macarena; pevoon; WIMP; Султан СПБ; Tim Slim; Том; Ллирик; Орочимару,https://polemicagame.com/match/619760,
619761,2026-08-15 15:00:00,match,2,5,3.0,azalea,1,90009,Данил_Колбасенко,1,Д. Колбасенко,.Мышь.; Doc.; Декс; logic_spb; Данил_Колбасенко; Homych; WELSH; Маэстро СПб; Фростик; Чеба,https://polemicagame.com/match/619761,
619763,2026-08-15 15:00:00,match,4,5,3.0,Скорпионша ,1,5605,Кармин,4,Ластхиро; Кармин; Axeon; Elric,Ластхиро; Saint-P; Птичка 23; Axeon; Antimuge; Рус; Размен; дьябло; Кармин; Elric,https://polemicagame.com/match/619763,
619764,2026-08-15 15:00:00,match,5,5,3.0,Leap,0,60805,Сандра,5,Алёна; Hartmann; avomarika; Аномалия; Марипоса,Сандра; avomarika; Anомалия; Iven; Доктор_Ливси; Марипоса; Alena78; Сложный; 23; HARTMANN_SPB,https://polemicagame.com/match/619764,
619765,2026-08-15 16:00:00,match,1,6,3.0,Dmitry_st,1,396,Орочимару,2,Алёна; Белладонна,Киса; Белладонна; Krista; Кирюшкинс; Saint-P; Орочимару; Alena78; Nevesta; Маэстро СПб; WELSH,https://polemicagame.com/match/619765,
619766,2026-08-15 16:00:00,match,2,6,3.0,azalea,1,70253,Сложный,2,Macarena; Вега,Декс; Macarena; logic_spb; Чеба; paster; Сложный; Вега; Султан СПБ; Сандра; .Мышь.,https://polemicagame.com/match/619766,
619767,2026-08-15 16:00:00,match,3,6,3.0,Juls,0,8368,Elric,2,Hartmann; Elric,Elric; Пряник_virtuspro_19; Antimuge; Плюшка); Iven; 23; HARTMANN_SPB; Доктор_Ливси; Рус; Том,https://polemicagame.com/match/619767,
619768,2026-08-15 16:00:00,match,4,6,3.0,Скорпионша ,1,343,Марипоса,3,Ластхиро; Axeon; Марипоса,Homych; Ллирик; Axeon; Размен; Марипоса; Любезный; Tim Slim; Ластхиро; Demi; pevoon,https://polemicagame.com/match/619768,
619769,2026-08-15 16:00:00,match,5,6,3.0,Leap,0,125488,Птичка 23,5,avomarika; Кармин; Лиса; Д. Колбасенко; Аномалия,Anомалия; Птичка 23; дьябло; WIMP; Кармин; avomarika; Doc.; Фростик; Данил_Колбасенко; Лисa,https://polemicagame.com/match/619769,
619770,2026-08-15 17:00:00,match,1,7,3.0,Dmitry_st,1,81017,avomarika,4,Алёна; avomarika; Кармин; Аномалия,23; Кармин; Demi; Tim Slim; Пряник_virtuspro_19; .Мышь.; avomarika; Anомалия; Alena78; Ллирик,https://polemicagame.com/match/619770,
619771,2026-08-15 17:00:00,match,2,7,3.0,azalea,0,62881,Nevesta,2,Hartmann; Д. Колбасенко,Данил_Колбасенко; Любезный; paster; Маэстро СПб; Доктор_Ливси; Султан СПБ; Nevesta; Плюшка); HARTMANN_SPB; Сандра,https://polemicagame.com/match/619771,
619772,2026-08-15 17:00:00,match,3,7,3.0,Juls,1,3229,Размен,1,Elric,WELSH; Iven; Декс; Кирюшкинс; Elric; pevoon; Орочимару; Размен; Saint-P; logic_spb,https://polemicagame.com/match/619772,
619773,2026-08-15 17:00:00,match,4,7,3.0,Скорпионша ,1,36696,Homych,5,Macarena; Axeon; Белладонна; Лиса; Марипоса,Белладонна; Том; Axeon; Krista; Antimuge; Homych; Macarena; Птичка 23; Марипоса; Лисa,https://polemicagame.com/match/619773,
619774,2026-08-15 17:00:00,match,5,7,3.0,Leap,0,343,Сложный,2,Ластхиро; Вега,Doc.; WIMP; Сложный; Рус; Ластхиро; Фростик; Киса; Вега; дьябло; Чеба,https://polemicagame.com/match/619774,
619775,2026-08-15 18:00:00,match,1,8,3.0,Dmitry_st,1,4807,Krista,3,Hartmann; Д. Колбасенко; Elric,Кирюшкинс; Птичка 23; Данил_Колбасенко; paster; HARTMANN_SPB; Krista; Размен; Elric; Сандра; Сложный,https://polemicagame.com/match/619775,
619776,2026-08-15 18:00:00,match,2,8,3.0,azalea,1,71172,Любезный,2,Ластхиро; Macarena,Doc.; Любезный; Султан СПБ; Antimuge; Ластхиро; Macarena; Киса; Nevesta; .Мышь.; Ллирик,https://polemicagame.com/match/619776,
619777,2026-08-15 18:00:00,match,3,8,3.0,Juls,0,84683,Белладонна,3,Алёна; Вега; Белладонна,Alena78; Белладонна; Вега; Demi; Tim Slim; Декс; Плюшка); logic_spb; WIMP; дьябло,https://polemicagame.com/match/619777,
619778,2026-08-15 18:00:00,match,4,8,3.0,Скорпионша ,1,396,pevoon,2,avomarika; Лиса,Saint-P; Лисa; Iven; Рус; Фростик; pevoon; Орочимару; Чеба; WELSH; avomarika,https://polemicagame.com/match/619778,
619779,2026-08-15 18:00:00,match,5,8,3.0,Leap,0,858,Марипоса,4,Кармин; Axeon; Аномалия; Марипоса,Том; Пряник_virtuspro_19; 23; Доктор_Ливси; Марипоса; Axeon; Anомалия; Маэстро СПб; Кармин; Homych,https://polemicagame.com/match/619779,
619780,2026-08-15 19:00:00,match,1,9,3.0,Dmitry_st,1,84683,Лисa,4,Вега; Белладонна; Лиса; Аномалия,Вега; Demi; Белладонна; Лисa; logic_spb; Фростик; Киса; Antimuge; Anомалия; Krista,https://polemicagame.com/match/619780,
619781,2026-08-15 19:00:00,match,2,9,3.0,azalea,0,56690,Tim Slim,2,Elric; Марипоса,Декс; Чеба; Пряник_virtuspro_19; Tim Slim; Elric; Марипоса; Размен; Ллирик; Маэстро СПб; WELSH,https://polemicagame.com/match/619781,
619782,2026-08-15 19:00:00,match,3,9,3.0,Juls,0,3229,Орочимару,2,Hartmann; Кармин,Орочимару; Кармин; Saint-P; Iven; дьябло; Homych; Nevesta; pevoon; HARTMANN_SPB; .Мышь.,https://polemicagame.com/match/619782,
619783,2026-08-15 19:00:00,match,4,9,3.0,Скорпионша ,0,60805,Кирюшкинс,4,Алёна; avomarika; Macarena; Axeon,Птичка 23; Кирюшкинс; Alena78; Macarena; Султан СПБ; paster; Рус; Любезный; Axeon; avomarika,https://polemicagame.com/match/619783,
619784,2026-08-15 19:00:00,match,5,9,3.0,Leap,0,71172,Doc.,2,Ластхиро; Д. Колбасенко,WIMP; Данил_Колбасенко; Плюшка); Ластхиро; Доктор_Ливси; Сандра; 23; Том; Сложный; Doc.,https://polemicagame.com/match/619784,
619785,2026-08-15 20:00:00,match,1,10,3.0,Dmitry_st,0,396,HARTMANN_SPB,5,Ластхиро; Hartmann; avomarika; Axeon; Белладонна,HARTMANN_SPB; Saint-P; WIMP; Homych; Ластхиро; Nevesta; avomarika; Axeon; Krista; Белладонна,https://polemicagame.com/match/619785,
619786,2026-08-15 20:00:00,match,2,10,3.0,azalea,1,1316,Macarena,4,Macarena; Кармин; Вега; Лиса,Macarena; Вега; Любезный; Фростик; 23; Сандра; Кармин; Doc.; Султан СПБ; Лисa,https://polemicagame.com/match/619786,
619787,2026-08-15 20:00:00,match,3,10,3.0,Juls,1,81017,Марипоса,2,Д. Колбасенко; Марипоса,WELSH; logic_spb; Маэстро СПб; Орочимару; Марипоса; Данил_Колбасенко; paster; Пряник_virtuspro_19; Том; Ллирик,https://polemicagame.com/match/619787,
619789,2026-08-15 20:00:00,match,5,10,3.0,Leap,1,99882,Demi,3,Алёна; Аномалия; Elric,Alena78; Киса; Кирюшкинс; Чеба; Demi; Anомалия; дьябло; Elric; Iven; Рус,https://polemicagame.com/match/619789,
620277,2026-08-15 22:42:26,match,3,5,3.0,Juls,0,596,Плюшка),2,Вега; Белладонна,Кирюшкинс; Krista; Плюшка); Любезный; Пряник_virtuspro_19; paster; Вега; Белладонна; Nevesta; Demi,https://polemicagame.com/match/620277,
620491,2026-08-16 11:00:00,match,1,1,3.0,Dmitry_st,0,70253,Вега,8,avomarika; Macarena; Кармин; Вега; Лиса; Д. Колбасенко; Elric; Марипоса,Вега; Данил_Колбасенко; Сложный; Доктор_Ливси; avomarika; Марипоса; Лисa; Elric; Macarena; Кармин,https://polemicagame.com/match/620491,
620492,2026-08-16 12:00:00,match,1,2,3.0,Dmitry_st,0,8368,Доктор_Ливси,8,avomarika; Macarena; Кармин; Вега; Лиса; Д. Колбасенко; Elric; Марипоса,Сложный; Вега; avomarika; Кармин; Данил_Колбасенко; Macarena; Лисa; Марипоса; Доктор_Ливси; Elric,https://polemicagame.com/match/620492,
620493,2026-08-16 13:00:00,match,1,3,3.0,Dmitry_st,0,74136,Вега,8,avomarika; Macarena; Кармин; Вега; Лиса; Д. Колбасенко; Elric; Марипоса,Данил_Колбасенко; Марипоса; Вега; avomarika; Кармин; Macarena; Сложный; Elric; Доктор_Ливси; Лисa,https://polemicagame.com/match/620493,
620494,2026-08-16 14:00:00,match,1,4,3.0,Dmitry_st,0,60805,Доктор_Ливси,8,avomarika; Macarena; Кармин; Вега; Лиса; Д. Колбасенко; Elric; Марипоса,Доктор_Ливси; Вега; Данил_Колбасенко; Elric; avomarika; Macarena; Кармин; Лисa; Марипоса; Сложный,https://polemicagame.com/match/620494,
620495,2026-08-16 15:00:00,match,1,5,3.0,Dmitry_st,0,68210,Сложный,8,avomarika; Macarena; Кармин; Вега; Лиса; Д. Колбасенко; Elric; Марипоса,Сложный; Вега; Доктор_Ливси; Данил_Колбасенко; Лисa; Кармин; Марипоса; avomarika; Elric; Macarena,https://polemicagame.com/match/620495,
620496,2026-08-16 16:00:00,match,1,6,3.0,Dmitry_st,0,128592,avomarika,8,avomarika; Macarena; Кармин; Вега; Лиса; Д. Колбасенко; Elric; Марипоса,avomarika; Лисa; Кармин; Данил_Колбасенко; Доктор_Ливси; Сложный; Elric; Macarena; Вега; Марипоса,https://polemicagame.com/match/620496,
620497,2026-08-16 17:00:00,match,1,7,3.0,Dmitry_st,1,68210,Доктор_Ливси,8,avomarika; Macarena; Кармин; Вега; Лиса; Д. Колбасенко; Elric; Марипоса,Кармин; Сложный; Данил_Колбасенко; Вега; Лисa; avomarika; Elric; Марипоса; Доктор_Ливси; Macarena,https://polemicagame.com/match/620497,
621148,2026-08-18 10:00:00,match,1,57,3.0,azalea,0,68210,Stereo,4,Ластхиро; avomarika; Macarena; Лиса,Лисa; Stereo; Juls; Macarena; avomarika; Размен; Кирюшкинс; Сложный; Ластхиро; Воробушек,https://polemicagame.com/match/621148,
621149,2026-08-18 11:00:00,match,1,58,3.0,azalea,1,343,Stereo,4,Ластхиро; avomarika; Macarena; Лиса,Stereo; Кирюшкинс; Сложный; Лисa; Juls; Воробушек; Ластхиро; avomarika; Размен; Macarena,https://polemicagame.com/match/621149,
621150,2026-08-18 12:00:00,match,1,59,3.0,azalea,0,60805,Ластхиро,4,Ластхиро; avomarika; Macarena; Лиса,Juls; Ластхиро; Размен; Сложный; avomarika; Воробушек; Кирюшкинс; Лисa; Stereo; Macarena,https://polemicagame.com/match/621150,
621151,2026-08-18 13:00:00,match,1,60,3.0,azalea,1,86129,Juls,4,Ластхиро; avomarika; Macarena; Лиса,Размен; Macarena; Воробушек; Ластхиро; Лисa; avomarika; Stereo; Juls; Кирюшкинс; Сложный,https://polemicagame.com/match/621151,
621678,2026-08-19 10:00:00,match,1,65,3.0,azalea,1,27516,Pagoda,4,Hartmann; Секрет; Д. Колбасенко; Elric,JTH; Slam; paster; комик; Секрет-; Данил_Колбасенко; Pagoda; Elric; Homych; HARTMANN_SPB,https://polemicagame.com/match/621678,
621679,2026-08-19 11:00:00,match,1,66,3.0,azalea,1,38258,HARTMANN_SPB,4,Hartmann; Секрет; Д. Колбасенко; Elric,JTH; paster; HARTMANN_SPB; комик; Данил_Колбасенко; Секрет-; Elric; Homych; Pagoda; Slam,https://polemicagame.com/match/621679,
621680,2026-08-19 12:00:00,match,1,67,3.0,azalea,0,88133,Секрет-,4,Hartmann; Секрет; Д. Колбасенко; Elric,комик; Секрет-; JTH; Slam; paster; Pagoda; Homych; Данил_Колбасенко; HARTMANN_SPB; Elric,https://polemicagame.com/match/621680,
621681,2026-08-19 13:00:00,match,1,68,3.0,azalea,1,71705,Данил_Колбасенко,4,Hartmann; Секрет; Д. Колбасенко; Elric,Pagoda; Данил_Колбасенко; JTH; Секрет-; Elric; комик; paster; Homych; HARTMANN_SPB; Slam,https://polemicagame.com/match/621681,
623009,2026-08-21 19:09:31,match,1,1,3.0,Бийчанка,1,128592,Лекc,2,Кармин; Марипоса,WELSH; Лекc; Demi; azalea; Марипоса; Пряник_virtuspro_19; Stereo; Кармин; Goroshina; Leap,https://polemicagame.com/match/623009,
622800,2026-08-22 10:00:00,match,1,1,3.0,Leap,1,109188,Elric,1,Elric,ronder; Elric; XXX Istrebitel mafii; Прогрессор; Рус; Homych; Krupliz; Rikso; Инкогнито; pevoon,https://polemicagame.com/match/622800,
623038,2026-08-22 10:00:00,match,1,2,3.0,Бийчанка,0,136150,Кумир,2,Кармин; Марипоса,Кумир; Demi; WELSH; Кармин; azalea; Stereo; Лекc; Пряник_virtuspro_19; Марипоса; Goroshina,https://polemicagame.com/match/623038,
622801,2026-08-22 11:00:00,match,1,2,3.0,Leap,0,3229,Krupliz,1,Elric,Рус; Krupliz; Инкогнито; ronder; pevoon; XXX Istrebitel mafii; Rikso; Elric; Прогрессор; Homych,https://polemicagame.com/match/622801,
623039,2026-08-22 11:00:00,match,1,3,3.0,Бийчанка,1,128567,azalea,2,Кармин; Марипоса,Goroshina; azalea; Лекc; Пряник_virtuspro_19; Demi; Кумир; WELSH; Марипоса; Stereo; Кармин,https://polemicagame.com/match/623039,
622802,2026-08-22 12:00:00,match,1,3,3.0,Leap,1,3229,Данил_Колбасенко,3,Секрет; Д. Колбасенко; Elric,Инкогнито; pevoon; Elric; Данил_Колбасенко; Homych; Секрет-; Krupliz; XXX Istrebitel mafii; Прогрессор; ronder,https://polemicagame.com/match/622802,
623040,2026-08-22 12:00:00,match,1,4,3.0,Бийчанка,1,128592,azalea,2,Кармин; Марипоса,Demi; Кумир; azalea; Марипоса; Лекc; Goroshina; Stereo; Пряник_virtuspro_19; WELSH; Кармин,https://polemicagame.com/match/623040,
622803,2026-08-22 13:00:00,match,1,4,3.0,Leap,1,98814,Инкогнито,3,Секрет; Д. Колбасенко; Elric,Homych; Инкогнито; Rikso; Данил_Колбасенко; Секрет-; Krupliz; XXX Istrebitel mafii; Прогрессор; Рус; Elric,https://polemicagame.com/match/622803,
623041,2026-08-22 13:00:00,match,1,5,3.0,Бийчанка,1,80225,azalea,2,Кармин; Марипоса,Stereo; Кумир; azalea; Кармин; WELSH; Demi; Лекc; Пряник_virtuspro_19; Goroshina; Марипоса,https://polemicagame.com/match/623041,
622804,2026-08-22 14:00:00,match,1,5,3.0,Leap,1,88154,Krupliz,2,Секрет; Д. Колбасенко,Homych; Krupliz; XXX Istrebitel mafii; Rikso; Данил_Колбасенко; ronder; pevoon; Рус; Прогрессор; Секрет-,https://polemicagame.com/match/622804,
622805,2026-08-22 15:00:00,match,1,6,3.0,Leap,1,129301,Krupliz,2,Секрет; Д. Колбасенко,XXX Istrebitel mafii; Krupliz; Секрет-; Homych; Данил_Колбасенко; Рус; Прогрессор; pevoon; ronder; Rikso,https://polemicagame.com/match/622805,
622806,2026-08-22 16:00:00,match,1,7,3.0,Leap,0,99882,Данил_Колбасенко,3,Секрет; Д. Колбасенко; Elric,Rikso; Инкогнито; Данил_Колбасенко; Рус; ronder; Секрет-; Krupliz; XXX Istrebitel mafii; Elric; Прогрессор,https://polemicagame.com/match/622806,
622807,2026-08-22 17:00:00,match,1,8,3.0,Leap,0,88950,Данил_Колбасенко,3,Секрет; Д. Колбасенко; Elric,Прогрессор; Elric; Krupliz; ronder; XXX Istrebitel mafii; Данил_Колбасенко; Секрет-; Инкогнито; pevoon; Rikso,https://polemicagame.com/match/622807,
623458,2026-08-22 19:08:21,match,1,9,3.0,Leap,1,58452,Прогрессор,3,Секрет; Д. Колбасенко; Elric,Krupliz; Elric; pevoon; Прогрессор; Инкогнито; Секрет-; Рус; Данил_Колбасенко; Rikso; Homych,https://polemicagame.com/match/623458,
622810,2026-08-22 20:00:00,match,1,11,3.0,Leap,0,88950,Данил_Колбасенко,3,Секрет; Д. Колбасенко; Elric,ronder; Инкогнито; Homych; Elric; Секрет-; Rikso; pevoon; Данил_Колбасенко; Рус; XXX Istrebitel mafii,https://polemicagame.com/match/622810,
623501,2026-08-22 20:13:50,match,1,10,3.0,Leap,1,99882,ronder,3,Секрет; Д. Колбасенко; Elric,Данил_Колбасенко; ronder; Пиджак; Elric; pevoon; Рус; Инкогнито; Homych; Секрет-; Прогрессор,https://polemicagame.com/match/623501,
622811,2026-08-22 21:00:00,match,1,12,3.0,Leap,1,129301,Homych,3,Секрет; Д. Колбасенко; Elric,XXX Istrebitel mafii; Пиджак; Rikso; Homych; ronder; pevoon; Данил_Колбасенко; Elric; Рус; Секрет-,https://polemicagame.com/match/622811,
623793,2026-08-24 10:00:00,match,1,1,3.0,azalea,0,71172,Stereo,4,Алёна; avomarika; Д. Колбасенко; Elric,Данил_Колбасенко; MikoChu; Доктор_Ливси; Elric; Alena78; Размен; shlyuba; avomarika; Stereo; Doc.,https://polemicagame.com/match/623793,
624018,2026-08-24 10:00:00,match,1,11,3.0,azalea,1,471,Размен,3,avomarika; Д. Колбасенко; Elric,Stereo; Воробушек; Данил_Колбасенко; shlyuba; Размен; MikoChu; Сложный; avomarika; Elric; Doc.,https://polemicagame.com/match/624018,
623794,2026-08-24 11:00:00,match,1,2,3.0,azalea,0,4807,Doc.,4,Алёна; avomarika; Д. Колбасенко; Elric,Stereo; Elric; Данил_Колбасенко; Doc.; MikoChu; shlyuba; avomarika; Alena78; Доктор_Ливси; Размен,https://polemicagame.com/match/623794,
624019,2026-08-24 11:00:00,match,1,12,3.0,azalea,1,1035,Данил_Колбасенко,3,avomarika; Д. Колбасенко; Elric,Размен; Данил_Колбасенко; Elric; Сложный; avomarika; Воробушек; Stereo; MikoChu; shlyuba; Doc.,https://polemicagame.com/match/624019,
623795,2026-08-24 12:00:00,match,1,3,3.0,azalea,0,1035,Доктор_Ливси,3,Алёна; avomarika; Д. Колбасенко,Размен; avomarika; Alena78; Воробушек; Doc.; Доктор_Ливси; Данил_Колбасенко; Сложный; MikoChu; Stereo,https://polemicagame.com/match/623795,
623796,2026-08-24 13:00:00,match,1,4,3.0,azalea,1,23794,Stereo,4,Алёна; avomarika; Д. Колбасенко; Elric,Stereo; Alena78; avomarika; Elric; MikoChu; Воробушек; shlyuba; Данил_Колбасенко; Доктор_Ливси; Сложный,https://polemicagame.com/match/623796,
623797,2026-08-24 14:00:00,match,1,5,3.0,azalea,1,74059,Размен,3,Алёна; Д. Колбасенко; Elric,shlyuba; Размен; Данил_Колбасенко; Doc.; Elric; Stereo; Доктор_Ливси; Сложный; Alena78; Воробушек,https://polemicagame.com/match/623797,
623798,2026-08-24 15:00:00,match,1,6,3.0,azalea,1,71172,Доктор_Ливси,4,Алёна; avomarika; Д. Колбасенко; Elric,Доктор_Ливси; shlyuba; Сложный; Размен; Alena78; Данил_Колбасенко; Elric; avomarika; Doc.; Воробушек,https://polemicagame.com/match/623798,
623799,2026-08-24 16:00:00,match,1,7,3.0,azalea,1,35960,Doc.,4,Алёна; avomarika; Д. Колбасенко; Elric,Elric; Сложный; Данил_Колбасенко; MikoChu; Doc.; Воробушек; shlyuba; avomarika; Alena78; Доктор_Ливси,https://polemicagame.com/match/623799,
623800,2026-08-24 17:00:00,match,1,8,3.0,azalea,1,68210,MikoChu,3,Алёна; avomarika; Elric,Воробушек; Сложный; MikoChu; Elric; avomarika; Alena78; Доктор_Ливси; Stereo; Размен; shlyuba,https://polemicagame.com/match/623800,
623801,2026-08-24 18:00:00,match,1,9,3.0,azalea,1,1035,Elric,2,Алёна; Elric,Elric; Размен; MikoChu; Alena78; Доктор_Ливси; Сложный; shlyuba; Stereo; Воробушек; Doc.,https://polemicagame.com/match/623801,
623802,2026-08-24 19:00:00,match,1,10,3.0,azalea,1,35960,Данил_Колбасенко,3,Алёна; avomarika; Д. Колбасенко,Воробушек; MikoChu; Stereo; Доктор_Ливси; Сложный; Размен; Данил_Колбасенко; Alena78; Doc.; avomarika,https://polemicagame.com/match/623802,
624318,2026-08-24 19:00:00,match,1,1,3.0,Dmitry_st,1,68704,ЧехонтЭ,3,Вега; Фырчик; Elric,Rikso; Enigma_Spb; SkOrPionsha_; Фырчик; Госпожа Julie; Вега; Маэстро СПб; ЧехонтЭ; Elric; Лекc,https://polemicagame.com/match/624318,
624319,2026-08-24 20:00:00,match,1,2,3.0,Dmitry_st,0,72056,SkOrPionsha_,3,Вега; Фырчик; Elric,Enigma_Spb; Rikso; Маэстро СПб; Фырчик; Вега; SkOrPionsha_; ЧехонтЭ; Госпожа Julie; Лекc; Elric,https://polemicagame.com/match/624319,
624320,2026-08-24 21:00:00,match,1,3,3.0,Dmitry_st,1,84958,Лекc,3,Вега; Фырчик; Elric,Лекc; Фырчик; ЧехонтЭ; Elric; Маэстро СПб; Госпожа Julie; SkOrPionsha_; Enigma_Spb; Rikso; Вега,https://polemicagame.com/match/624320,
624321,2026-08-24 22:00:00,match,1,4,3.0,Dmitry_st,0,68704,ЧехонтЭ,3,Вега; Фырчик; Elric,Маэстро СПб; Enigma_Spb; Госпожа Julie; Вега; SkOrPionsha_; Фырчик; ЧехонтЭ; Лекc; Elric; Rikso,https://polemicagame.com/match/624321,
624322,2026-08-24 23:00:00,match,1,5,3.0,Dmitry_st,0,51380,Маэстро СПб,3,Вега; Фырчик; Elric,Фырчик; Elric; Лекc; Маэстро СПб; Госпожа Julie; Enigma_Spb; SkOrPionsha_; ЧехонтЭ; Rikso; Вега,https://polemicagame.com/match/624322,
624323,2026-08-25 00:00:00,match,1,6,3.0,Dmitry_st,1,51380,Elric,3,Вега; Фырчик; Elric,SkOrPionsha_; Вега; Фырчик; ЧехонтЭ; Лекc; Elric; Rikso; Маэстро СПб; Enigma_Spb; Госпожа Julie,https://polemicagame.com/match/624323,
624324,2026-08-25 01:00:00,match,1,7,3.0,Dmitry_st,0,128567,Лекc,3,Вега; Фырчик; Elric,Фырчик; Enigma_Spb; Госпожа Julie; SkOrPionsha_; ЧехонтЭ; Rikso; Маэстро СПб; Вега; Elric; Лекc,https://polemicagame.com/match/624324,
624325,2026-08-25 02:00:00,match,1,8,3.0,Dmitry_st,1,128567,Вега,3,Вега; Фырчик; Elric,Маэстро СПб; Elric; Госпожа Julie; ЧехонтЭ; Вега; Rikso; Enigma_Spb; Лекc; SkOrPionsha_; Фырчик,https://polemicagame.com/match/624325,
624326,2026-08-25 03:00:00,match,1,9,3.0,Dmitry_st,1,68136,Вега,3,Вега; Фырчик; Elric,Вега; Elric; SkOrPionsha_; Лекc; Enigma_Spb; Госпожа Julie; Rikso; ЧехонтЭ; Маэстро СПб; Фырчик,https://polemicagame.com/match/624326,
624327,2026-08-25 04:00:00,match,1,10,3.0,Dmitry_st,0,68136,ЧехонтЭ,3,Вега; Фырчик; Elric,Elric; SkOrPionsha_; Вега; Enigma_Spb; Маэстро СПб; ЧехонтЭ; Фырчик; Госпожа Julie; Rikso; Лекc,https://polemicagame.com/match/624327,
